Date,AAPL,MSFT,TSLA
2020-01-02,72.53851318359375,152.79112243652344,28.68400001525879
2020-01-03,71.83330535888672,150.88861083984375,29.534000396728516
2020-01-06,72.4056625366211,151.2786102294922,30.1026668548584
2020-01-07,72.06513214111328,149.8993377685547,31.270666122436523
2020-01-08,73.22441864013672,152.2869873046875,32.80933380126953
2020-01-09,74.77976989746094,154.1894989013672,32.089332580566406
2020-01-10,74.94881439208984,153.4760284423828,31.876667022705078
2020-01-13,76.550048828125,155.3214569091797,34.990665435791016
2020-01-14,75.51636505126953,154.2274932861328,35.861331939697266
2020-01-15,75.19274139404297,155.22634887695312,34.56666564941406
2020-01-16,76.13462829589844,158.07061767578125,34.232666015625
2020-01-17,76.97754669189453,158.9552764892578,34.03333282470703
2020-01-21,76.45586395263672,158.384521484375,36.47999954223633
2020-01-22,76.7287826538086,157.62351989746094,37.97066879272461
2020-01-23,77.09829711914062,158.59376525878906,38.14666748046875
2020-01-24,76.8760757446289,156.9956817626953,37.654666900634766
2020-01-27,74.61552429199219,154.37017822265625,37.201332092285156
2020-01-28,76.72634887695312,157.3952178955078,37.793331146240234
2020-01-29,78.33243560791016,159.84947204589844,38.732666015625
2020-01-30,78.21888732910156,164.3583984375,42.72066879272461
2020-01-31,74.75077056884766,161.93272399902344,43.371334075927734
2020-02-03,74.54547882080078,165.8804168701172,52.0
2020-02-04,77.00651550292969,171.34068298339844,59.137332916259766
2020-02-05,77.63444519042969,171.13134765625,48.97999954223633
2020-02-06,78.54251861572266,174.6796112060547,49.930667877197266
2020-02-07,77.47491455078125,174.92686462402344,49.871334075927734
2020-02-10,77.8428955078125,179.50247192382812,51.41866683959961
2020-02-11,77.37324523925781,175.4501190185547,51.62533187866211
2020-02-12,79.210693359375,175.7069549560547,51.15266799926758
2020-02-13,78.6466064453125,174.7556915283203,53.599998474121094
2020-02-14,78.66600036621094,176.3157501220703,53.33533477783203
2020-02-18,77.22557830810547,178.10411071777344,57.22666549682617
2020-02-19,78.34402465820312,178.63829040527344,61.16133117675781
2020-02-20,77.54027557373047,175.9102325439453,59.96066665649414
2020-02-21,75.78516387939453,170.3492431640625,60.06666564941406
2020-02-24,72.18535614013672,163.00460815429688,55.58599853515625
2020-02-25,69.7402572631836,160.31466674804688,53.32733154296875
2020-02-26,70.84658813476562,162.31777954101562,51.91999816894531
2020-02-27,66.2154769897461,150.88101196289062,45.266666412353516
2020-02-28,66.17674255371094,154.5342559814453,44.53266525268555
2020-03-02,72.33784484863281,164.81687927246094,49.574668884277344
2020-03-03,70.04045867919922,156.9189453125,49.70066833496094
2020-03-04,73.28926086425781,162.68026733398438,49.96666717529297
2020-03-05,70.91197967529297,158.59774780273438,48.30266571044922
2020-03-06,69.97025299072266,154.1146240234375,46.89866638183594
2020-03-09,64.4361572265625,143.66990661621094,40.53333282470703
2020-03-10,69.07694244384766,153.49461364746094,43.02199935913086
2020-03-11,66.67787170410156,146.541015625,42.28200149536133
2020-03-12,60.0931282043457,132.643310546875,37.369998931884766
2020-03-13,67.29277801513672,151.50103759765625,36.44133377075195
2020-03-16,58.635772705078125,129.17129516601562,29.67133331298828
2020-03-17,61.2139778137207,139.8068084716797,28.68000030517578
2020-03-18,59.71546173095703,133.92149353027344,24.08133316040039
2020-03-19,59.2579231262207,136.12484741210938,28.50933265686035
2020-03-20,55.49590301513672,131.01220703125,28.50200080871582
2020-03-23,54.31693649291992,129.7053985595703,28.952667236328125
2020-03-24,59.76630783081055,141.49508666992188,33.66666793823242
2020-03-25,59.437068939208984,140.14059448242188,35.95000076293945
2020-03-26,62.56482696533203,148.9065399169922,35.21066665649414
2020-03-27,59.97450256347656,142.79232788085938,34.29066848754883
2020-03-30,61.68604278564453,152.83644104003906,33.47533416748047
2020-03-31,61.56016159057617,150.43270874023438,34.93333435058594
2020-04-01,58.32103729248047,145.09115600585938,32.104000091552734
2020-04-02,59.29423141479492,148.09576416015625,30.29800033569336
2020-04-03,58.44208908081055,146.7317657470703,32.000667572021484
2020-04-06,63.54043960571289,157.64393615722656,34.41600036621094
2020-04-07,62.80449676513672,155.94601440429688,36.36333465576172
2020-04-08,64.41193389892578,157.5103302001953,36.589332580566406
2020-04-09,64.87675476074219,157.51988220214844,38.20000076293945
2020-04-13,66.15013122558594,157.87278747558594,43.39666748046875
2020-04-14,69.49092864990234,165.6848907470703,47.32600021362305
2020-04-15,68.85665130615234,163.9488983154297,48.65533447265625
2020-04-16,69.40377044677734,168.87075805664062,49.680667877197266
2020-04-17,68.46205139160156,170.35882568359375,50.259334564208984
2020-04-20,67.04096984863281,166.98216247558594,49.75733184814453
2020-04-21,64.96875,160.0762176513672,45.781333923339844
2020-04-22,66.840087890625,165.51316833496094,48.807334899902344
2020-04-23,66.5810546875,163.51014709472656,47.04199981689453
2020-04-24,68.5031967163086,166.4956817626953,48.34333419799805
2020-04-27,68.55160522460938,166.01878356933594,53.25
2020-04-28,67.44046020507812,161.97438049316406,51.27466583251953
2020-04-29,69.65552520751953,169.24278259277344,53.367332458496094
2020-04-30,71.125,170.9406280517578,52.12533187866211
2020-05-01,69.97994232177734,166.51475524902344,46.75466537475586
2020-05-04,70.9700698852539,170.58770751953125,50.74599838256836
2020-05-05,72.03524780273438,172.41909790039062,51.2140007019043
2020-05-06,72.77845764160156,174.11697387695312,52.172000885009766
2020-05-07,73.53133392333984,175.12806701660156,52.00266647338867
2020-05-08,75.2815170288086,176.1582489013672,54.62799835205078
2020-05-11,76.46607971191406,178.1232147216797,54.08599853515625
2020-05-12,75.59221649169922,174.08840942382812,53.96066665649414
2020-05-13,74.67951202392578,171.4557342529297,52.73066711425781
2020-05-14,75.13829803466797,172.19973754882812,53.55533218383789
2020-05-15,74.69406127929688,174.7083740234375,53.27799987792969
2020-05-18,76.45394897460938,176.3776397705078,54.242000579833984
2020-05-19,76.01216888427734,175.15670776367188,53.867332458496094
2020-05-20,77.49047088623047,177.5862274169922,54.37066650390625
2020-05-21,76.91273498535156,175.4532012939453,55.17333221435547
2020-05-22,77.40792846679688,175.52975463867188,54.45866775512695
2020-05-26,76.88360595703125,173.6741180419922,54.591331481933594
2020-05-27,77.21859741210938,173.90365600585938,54.68199920654297
2020-05-28,77.25257110595703,173.51145935058594,53.72066879272461
2020-05-29,77.17730712890625,175.28103637695312,55.66666793823242
2020-06-01,78.1264419555664,174.87933349609375,59.87333297729492
2020-06-02,78.48812103271484,176.86886596679688,58.770668029785156
2020-06-03,78.92020416259766,177.29928588867188,58.86399841308594
2020-06-04,78.24055480957031,174.9654083251953,57.62533187866211
2020-06-05,80.46890258789062,179.0592803955078,59.04399871826172
2020-06-08,80.94468688964844,180.16883850097656,63.327999114990234
2020-06-09,83.50074005126953,181.5462188720703,62.711334228515625
2020-06-10,85.64900207519531,188.28005981445312,68.336669921875
2020-06-11,81.5369644165039,178.1697540283203,64.85600280761719
2020-06-12,82.24090576171875,179.57579040527344,62.35200119018555
2020-06-15,83.25800323486328,180.7236328125,66.05999755859375
2020-06-16,85.46453094482422,185.1522674560547,65.47533416748047
2020-06-17,85.34558868408203,185.7931365966797,66.11933135986328
2020-06-18,85.37956237792969,187.78271484375,66.9306640625
2020-06-19,84.89166259765625,186.66351318359375,66.72666931152344
2020-06-22,87.11273956298828,191.84783935546875,66.28800201416016
2020-06-23,88.97216796875,193.1295623779297,66.78533172607422
2020-06-24,87.4015884399414,189.23655700683594,64.0566635131836
2020-06-25,88.5619125366211,191.6278839111328,65.73200225830078
2020-06-26,85.84077453613281,187.792236328125,63.982666015625
2020-06-29,87.81912994384766,189.81045532226562,67.29000091552734
2020-06-30,88.55220031738281,194.6599884033203,71.98733520507812
2020-07-01,88.38472747802734,195.79823303222656,74.64199829101562
2020-07-02,88.38472747802734,197.2904052734375,80.57733154296875
2020-07-06,90.74900817871094,201.537353515625,91.43866729736328
2020-07-07,90.46745300292969,199.19386291503906,92.65733337402344
2020-07-08,92.5744400024414,203.57470703125,91.05867004394531
2020-07-09,92.97254180908203,204.9999237060547,92.9520034790039
2020-07-10,93.13516998291016,204.3782196044922,102.97666931152344
2020-07-13,92.70551300048828,198.06521606445312,99.80400085449219
2020-07-14,94.23965454101562,199.28955078125,101.12000274658203
2020-07-15,94.88777160644531,198.9929962158203,103.06732940673828
2020-07-16,93.72018432617188,195.05215454101562,100.04266357421875
2020-07-17,93.53085327148438,194.0574493408203,100.05599975585938
2020-07-20,95.50190734863281,202.39816284179688,109.53333282470703
2020-07-21,94.1838150024414,199.67213439941406,104.55733489990234
2020-07-22,94.44841003417969,202.5416717529297,106.15533447265625
2020-07-23,90.14944458007812,193.73216247558594,100.87133026123047
2020-07-24,89.92610931396484,192.54611206054688,94.46666717529297
2020-07-27,92.05738830566406,194.9852294921875,102.63999938964844
2020-07-28,90.54511260986328,193.2348175048828,98.43267059326172
2020-07-29,92.28071594238281,195.1861114501953,99.94066619873047
2020-07-30,93.3973388671875,195.0330810546875,99.16600036621094
2020-07-31,103.17496490478516,196.09474182128906,95.38400268554688
2020-08-03,105.77473449707031,207.12338256835938,99.0
2020-08-04,106.4811019897461,204.01467895507812,99.13333129882812
2020-08-05,106.86705780029297,203.67994689941406,99.00133514404297
2020-08-06,110.59556579589844,206.941650390625,99.30533599853516
2020-08-07,108.08110809326172,203.2399444580078,96.84733581542969
2020-08-10,109.65203857421875,199.19386291503906,94.57133483886719
2020-08-11,106.3909912109375,194.53564453125,91.6259994506836
2020-08-12,109.92684173583984,200.09303283691406,103.65066528320312
2020-08-13,111.87227630615234,199.62432861328125,108.06666564941406
2020-08-14,111.7725601196289,199.81561279296875,110.04733276367188
2020-08-17,111.48072814941406,201.13558959960938,122.3759994506836
2020-08-18,112.40970611572266,202.29298400878906,125.80599975585938
2020-08-19,112.55073547363281,201.06568908691406,125.23533630371094
2020-08-20,115.04817962646484,205.74476623535156,133.45533752441406
2020-08-21,120.9769058227539,204.24896240234375,136.6653289794922
2020-08-24,122.423828125,204.89137268066406,134.27999877929688
2020-08-25,121.41947937011719,207.5569305419922,134.8893280029297
2020-08-26,123.0707015991211,212.0442352294922,143.54466247558594
2020-08-27,121.59945678710938,217.2506866455078,149.25
2020-08-28,121.40247344970703,219.4847412109375,147.55999755859375
2020-08-31,125.5195083618164,216.24388122558594,166.10667419433594
2020-09-01,130.51927185058594,217.91229248046875,158.35000610351562
2020-09-02,127.81509399414062,222.1118927001953,149.1233367919922
2020-09-03,117.58212280273438,208.35276794433594,135.6666717529297
2020-09-04,117.65995788574219,205.42835998535156,139.44000244140625
2020-09-08,109.74202728271484,194.3155517578125,110.06999969482422
2020-09-09,114.11924743652344,202.59022521972656,122.09333038330078
2020-09-10,110.39373779296875,196.91397094726562,123.77999877929688
2020-09-11,108.94439697265625,195.62916564941406,124.23999786376953
2020-09-14,112.21272277832031,196.95233154296875,139.8733367919922
2020-09-15,112.38780975341797,200.18353271484375,149.9199981689453
2020-09-16,109.07083129882812,196.60714721679688,147.25332641601562
2020-09-17,107.32967376708984,194.55523681640625,141.14332580566406
2020-09-18,103.92516326904297,192.13902282714844,147.38333129882812
2020-09-21,107.07676696777344,194.20046997070312,149.79666137695312
2020-09-22,108.75956726074219,198.87954711914062,141.41000366210938
2020-09-23,104.19754791259766,192.33079528808594,126.78666687011719
2020-09-24,105.26751708984375,194.82373046875,129.26333618164062
2020-09-25,109.2167739868164,199.2631378173828,135.77999877929688
2020-09-28,111.82363891601562,200.81640625,140.39999389648438
2020-09-29,110.97737884521484,198.72616577148438,139.69000244140625
2020-09-30,112.65043640136719,201.66973876953125,143.00332641601562
2020-10-01,113.60371398925781,203.71202087402344,149.3866729736328
2020-10-02,109.93655395507812,197.70021057128906,138.3633270263672
2020-10-05,113.32162475585938,201.7176971435547,141.89332580566406
2020-10-06,110.07274627685547,197.43173217773438,137.9933319091797
2020-10-07,111.94039154052734,201.19033813476562,141.76666259765625
2020-10-08,111.83336639404297,201.90943908691406,141.97332763671875
2020-10-09,113.77879333496094,206.92410278320312,144.6666717529297
2020-10-12,121.00609588623047,212.28390502929688,147.43333435058594
2020-10-13,117.79615020751953,213.68382263183594,148.88333129882812
2020-10-14,117.88367462158203,211.76617431640625,153.76666259765625
2020-10-15,117.41676330566406,210.6156005859375,149.6266632080078
2020-10-16,115.7728500366211,210.6156005859375,146.55667114257812
2020-10-19,112.81582641601562,205.39959716796875,143.61000061035156
2020-10-20,114.30408477783203,205.81187438964844,140.64666748046875
2020-10-21,113.6815414428711,205.95570373535156,140.8800048828125
2020-10-22,112.59207153320312,206.04197692871094,141.92999267578125
2020-10-23,111.90145111083984,207.32684326171875,140.2100067138672
2020-10-26,111.91117858886719,201.43003845214844,140.0933380126953
2020-10-27,113.41888427734375,204.46954345703125,141.55999755859375
2020-10-28,108.16620635986328,194.33473205566406,135.33999633789062
2020-10-29,112.17382049560547,196.29071044921875,136.94332885742188
2020-10-30,105.89006042480469,194.13340759277344,129.34666442871094
2020-11-02,105.8025131225586,193.99913024902344,133.50332641601562
2020-11-03,107.42694854736328,197.93031311035156,141.3000030517578
2020-11-04,111.81391906738281,207.48023986816406,140.32666015625
2020-11-05,115.78257751464844,214.09613037109375,146.02999877929688
2020-11-06,115.65103912353516,214.50848388671875,143.31666564941406
2020-11-09,113.34175109863281,209.39785766601562,140.4199981689453
2020-11-10,113.00070190429688,202.32174682617188,136.7866668701172
2020-11-11,116.43058776855469,207.63365173339844,139.0433349609375
2020-11-12,116.1577377319336,206.56936645507812,137.25332641601562
2020-11-13,116.20648193359375,207.59527587890625,136.1666717529297
2020-11-16,117.21983337402344,208.28565979003906,136.02999877929688
2020-11-17,116.33314514160156,205.62969970703125,147.20333862304688
2020-11-18,115.0079574584961,202.9187469482422,162.2133331298828
2020-11-19,115.60232543945312,204.20693969726562,166.42333984375
2020-11-20,114.33561706542969,202.25543212890625,163.20333862304688
2020-11-23,110.93499755859375,201.98623657226562,173.9499969482422
2020-11-24,112.2211685180664,205.5912628173828,185.1266632080078
2020-11-25,113.05915832519531,205.60086059570312,191.3333282470703
2020-11-27,113.60482025146484,206.90826416015625,195.25332641601562
2020-11-30,116.0018539428711,205.7931365966797,189.1999969482422
2020-12-01,119.57786560058594,207.85040283203125,194.9199981689453
2020-12-02,119.92865753173828,207.04283142089844,189.60667419433594
2020-12-03,119.79222869873047,205.95655822753906,197.7933349609375
2020-12-04,119.11991119384766,206.0718994140625,199.67999267578125
2020-12-07,120.58150482177734,206.00462341308594,213.9199981689453
2020-12-08,121.19537353515625,207.65809631347656,216.6266632080078
2020-12-09,118.66194915771484,203.6108856201172,201.4933319091797
2020-12-10,120.0845718383789,202.38037109375,209.02333068847656
2020-12-11,119.27580261230469,205.01441955566406,203.3300018310547
2020-12-14,118.66194915771484,205.9180908203125,213.27667236328125
2020-12-15,124.60574340820312,205.85084533691406,211.0833282470703
2020-12-16,124.53755187988281,210.80169677734375,207.58999633789062
2020-12-17,125.40475463867188,210.936279296875,218.63333129882812
2020-12-18,123.41699981689453,210.13833618164062,231.6666717529297
2020-12-21,124.94677734375,213.98370361328125,216.6199951171875
2020-12-22,128.5033416748047,215.28147888183594,213.44667053222656
2020-12-23,127.60690307617188,212.47442626953125,215.32666015625
2020-12-24,128.5910186767578,214.1375274658203,220.58999633789062
2020-12-28,133.19024658203125,216.2620849609375,221.22999572753906
2020-12-29,131.41676330566406,215.4833984375,221.99667358398438
2020-12-30,130.29624938964844,213.10888671875,231.5933380126953
2020-12-31,129.29261779785156,213.8202667236328,235.22332763671875
2021-01-04,126.0965805053711,209.27313232421875,243.2566680908203
2021-01-05,127.65562438964844,209.47508239746094,245.0366668701172
2021-01-06,123.35853576660156,204.0435028076172,251.9933319091797
2021-01-07,127.56792449951172,209.84994506835938,272.0133361816406
2021-01-08,128.6689910888672,211.12855529785156,293.3399963378906
2021-01-11,125.6775894165039,209.08090209960938,270.39666748046875
2021-01-12,125.50220489501953,206.619873046875,283.14666748046875
2021-01-13,127.53871154785156,207.97532653808594,284.8033447265625
2021-01-14,125.60939025878906,204.78375244140625,281.6666564941406
2021-01-15,123.88471221923828,204.4280242919922,275.38665771484375
2021-01-19,124.5570297241211,208.07151794433594,281.51666259765625
2021-01-20,128.64950561523438,215.66603088378906,283.48333740234375
2021-01-21,133.36558532714844,216.27166748046875,281.663330078125
2021-01-22,135.50924682617188,217.21377563476562,282.21331787109375
2021-01-25,139.2606658935547,220.65538024902344,293.6000061035156
2021-01-26,139.4945068359375,223.34710693359375,294.36334228515625
2021-01-27,138.42269897460938,223.89505004882812,288.0533447265625
2021-01-28,133.57992553710938,229.6919403076172,278.4766540527344
2021-01-29,128.58131408691406,222.99143981933594,264.510009765625
2021-02-01,130.70547485351562,230.3840789794922,279.9366760253906
2021-02-02,131.5337371826172,230.24954223632812,290.92999267578125
2021-02-03,130.51055908203125,233.60458374023438,284.89666748046875
2021-02-04,133.8722686767578,232.65284729003906,283.3299865722656
2021-02-05,133.45753479003906,232.83547973632812,284.07666015625
2021-02-08,133.60389709472656,233.09506225585938,287.8066711425781
2021-02-09,132.72560119628906,234.34478759765625,283.1533203125
2021-02-10,132.1205596923828,233.4315643310547,268.2733459472656
2021-02-11,131.86685180664062,235.03697204589844,270.5533447265625
2021-02-12,132.10107421875,235.51763916015625,272.0400085449219
2021-02-16,129.97372436523438,234.2775115966797,265.40667724609375
2021-02-17,127.68047332763672,235.29885864257812,266.04998779296875
2021-02-18,126.57777404785156,234.90380859375,262.4599914550781
2021-02-19,126.73387145996094,232.18658447265625,260.4333190917969
2021-02-22,122.95734405517578,225.96202087402344,238.1666717529297
2021-02-23,122.82072448730469,224.7672576904297,232.94667053222656
2021-02-24,122.32305908203125,226.0006103515625,247.33999633789062
2021-02-25,118.06832122802734,220.6432647705078,227.4066619873047
2021-02-26,118.33181762695312,223.9097137451172,225.1666717529297
2021-03-01,124.70413970947266,228.30348205566406,239.47666931152344
2021-03-02,122.09860229492188,225.34535217285156,228.81333923339844
2021-03-03,119.11248779296875,219.26539611816406,217.73333740234375
2021-03-04,117.2291030883789,218.46566772460938,207.14666748046875
2021-03-05,118.48795318603516,223.1581268310547,199.31666564941406
2021-03-08,113.55014038085938,219.1015625,187.6666717529297
2021-03-09,118.16590118408203,225.2586669921875,224.52667236328125
2021-03-10,117.0827407836914,223.9482421875,222.68666076660156
2021-03-11,119.0149154663086,228.48655700683594,233.1999969482422
2021-03-12,118.10735321044922,227.1568603515625,231.2433319091797
2021-03-15,120.99588775634766,226.25111389160156,235.97999572753906
2021-03-16,122.53772735595703,229.04541015625,225.6266632080078
2021-03-17,121.747314453125,228.3998260498047,233.93666076660156
2021-03-18,117.61945343017578,222.31024169921875,217.72000122070312
2021-03-19,117.09249114990234,221.95370483398438,218.2899932861328
2021-03-22,120.41038513183594,227.38812255859375,223.3333282470703
2021-03-23,119.5809097290039,228.9202117919922,220.72000122070312
2021-03-24,117.19005584716797,226.87744140625,210.08999633789062
2021-03-25,117.67799377441406,223.8711700439453,213.4633331298828
2021-03-26,118.28301239013672,227.8602294921875,206.23666381835938
2021-03-29,118.45868682861328,226.6654510498047,203.76333618164062
2021-03-30,117.00464630126953,223.39903259277344,211.8733367919922
2021-03-31,119.20033264160156,227.17611694335938,222.64332580566406
2021-04-01,120.02978515625,233.51629638671875,220.5833282470703
2021-04-05,122.85977935791016,239.99134826660156,230.35000610351562
2021-04-06,123.16229248046875,238.82546997070312,230.5399932861328
2021-04-07,124.81147003173828,240.7910614013672,223.6566619873047
2021-04-08,127.2120590209961,244.01901245117188,227.93333435058594
2021-04-09,129.78831481933594,246.5242156982422,225.67333984375
2021-04-12,128.07083129882812,246.58201599121094,233.9933319091797
2021-04-13,131.1837921142578,249.0679931640625,254.10667419433594
2021-04-14,128.8417510986328,246.273681640625,244.07666015625
2021-04-15,131.2521209716797,250.04115295410156,246.28334045410156
2021-04-16,130.92030334472656,251.23593139648438,246.5933380126953
2021-04-19,131.5839080810547,249.3088836669922,238.2100067138672
2021-04-20,129.89566040039062,248.8463897705078,239.663330078125
2021-04-21,130.27626037597656,251.08184814453125,248.0399932861328
2021-04-22,128.75393676757812,247.79615783691406,239.89666748046875
2021-04-23,131.07643127441406,251.63095092773438,243.13333129882812
2021-04-26,131.466796875,252.0164794921875,246.06666564941406
2021-04-27,131.14476013183594,252.42115783691406,234.913330078125
2021-04-28,130.3542938232422,245.2812042236328,231.46665954589844
2021-04-29,130.2567138671875,243.30593872070312,225.6666717529297
2021-04-30,128.2854766845703,242.98800659179688,236.47999572753906
2021-05-03,129.33938598632812,242.67967224121094,228.3000030517578
2021-05-04,124.76266479492188,238.7580108642578,224.53334045410156
2021-05-05,125.00665283203125,237.486083984375,223.64666748046875
2021-05-06,126.6070556640625,240.62730407714844,221.17999267578125
2021-05-07,127.28153228759766,243.25778198242188,224.1233367919922
2021-05-10,123.99708557128906,238.17022705078125,209.67999267578125
2021-05-11,123.07823944091797,237.25482177734375,205.73333740234375
2021-05-12,120.00885772705078,230.28842163085938,196.6300048828125
2021-05-13,122.15937805175781,234.17149353027344,190.56333923339844
2021-05-14,124.58358764648438,239.10488891601562,196.5800018310547
2021-05-17,123.43013000488281,236.2431640625,192.27667236328125
2021-05-18,122.04206848144531,234.21971130371094,192.6233367919922
2021-05-19,121.88568115234375,234.7991485595703,187.82000732421875
2021-05-20,124.44673919677734,238.0441131591797,195.5933380126953
2021-05-21,122.6090316772461,236.77899169921875,193.6266632080078
2021-05-24,124.24144744873047,242.1969451904297,202.14666748046875
2021-05-25,124.04598999023438,243.10479736328125,201.56333923339844
2021-05-26,123.99708557128906,242.8826904296875,206.3766632080078
2021-05-27,122.46239471435547,240.7772979736328,210.28334045410156
2021-05-28,121.80744934082031,241.1345977783203,208.4066619873047
2021-06-01,121.4848861694336,238.93264770507812,207.96665954589844
2021-06-02,122.24735260009766,238.83607482910156,201.7066650390625
2021-06-03,120.76152801513672,237.30050659179688,190.94667053222656
2021-06-04,123.05868530273438,242.20664978027344,199.68333435058594
2021-06-07,123.0684585571289,245.123291015625,201.7100067138672
2021-06-08,123.88954162597656,243.92572021484375,201.19667053222656
2021-06-09,124.27079010009766,244.91082763671875,199.5933380126953
2021-06-10,123.27373504638672,248.43588256835938,203.3733367919922
2021-06-11,124.48583984375,249.0636749267578,203.29666137695312
2021-06-14,127.54544067382812,250.99517822265625,205.89666748046875
2021-06-15,126.72433471679688,249.51756286621094,199.7866668701172
2021-06-16,127.22285461425781,248.5710906982422,201.6233367919922
2021-06-17,128.82598876953125,251.9706573486328,205.53334045410156
2021-06-18,127.52589416503906,250.55096435546875,207.77000427246094
2021-06-21,129.32452392578125,253.64144897460938,206.94332885742188
2021-06-22,130.96670532226562,256.4228515625,207.90333557128906
2021-06-23,130.69302368164062,256.19110107421875,218.85667419433594
2021-06-24,130.40956115722656,257.56243896484375,226.60667419433594
2021-06-25,130.11630249023438,255.94961547851562,223.9566650390625
2021-06-28,131.74871826171875,259.5229797363281,229.57333374023438
2021-06-29,133.26393127441406,262.11126708984375,226.9199981689453
2021-06-30,133.8796844482422,261.62835693359375,226.56666564941406
2021-07-01,134.1827392578125,262.3044738769531,225.97332763671875
2021-07-02,136.812255859375,268.1473388671875,226.3000030517578
2021-07-06,138.82591247558594,268.156982421875,219.86000061035156
2021-07-07,141.31858825683594,270.3493347167969,214.88333129882812
2021-07-08,140.01849365234375,267.92523193359375,217.60333251953125
2021-07-09,141.84642028808594,268.4273681640625,218.98333740234375
2021-07-12,141.25010681152344,267.82867431640625,228.56666564941406
2021-07-13,142.36451721191406,271.36334228515625,222.84666442871094
2021-07-14,145.79554748535156,272.8409423828125,217.7933349609375
2021-07-15,145.14060974121094,271.41168212890625,216.86666870117188
2021-07-16,143.09762573242188,271.14129638671875,214.74000549316406
2021-07-19,139.24627685546875,267.5292053222656,215.4066619873047
2021-07-20,142.86305236816406,269.76019287109375,220.1666717529297
2021-07-21,142.12991333007812,271.7690124511719,218.42999267578125
2021-07-22,143.49838256835938,276.3468017578125,216.4199981689453
2021-07-23,145.2187957763672,279.7559814453125,214.4600067138672
2021-07-26,145.63914489746094,279.1571350097656,219.2066650390625
2021-07-27,143.46905517578125,276.73309326171875,214.92666625976562
2021-07-28,141.71934509277344,276.42401123046875,215.66000366210938
2021-07-29,142.36451721191406,276.6944580078125,225.78334045410156
2021-07-30,142.5795440673828,275.1588439941406,229.06666564941406
2021-08-02,142.24720764160156,275.0719299316406,236.55667114257812
2021-08-03,144.0458526611328,277.2932434082031,236.5800018310547
2021-08-04,143.64503479003906,276.70416259765625,236.97332763671875
2021-08-05,143.75254821777344,279.61114501953125,238.2100067138672
2021-08-06,143.06729125976562,279.5531005859375,233.03334045410156
2021-08-09,143.0183563232422,278.4617614746094,237.9199981689453
2021-08-10,142.53868103027344,276.6365051269531,236.663330078125
2021-08-11,142.79319763183594,277.1290588378906,235.94000244140625
2021-08-12,145.7594757080078,279.8912048339844,240.75
2021-08-13,145.96505737304688,282.8271179199219,239.05667114257812
2021-08-16,147.9425811767578,284.51727294921875,228.72332763671875
2021-08-17,147.03211975097656,283.0491943359375,221.90333557128906
2021-08-18,143.2826385498047,281.3172302246094,229.663330078125
2021-08-19,143.61549377441406,287.16162109375,224.49000549316406
2021-08-20,145.07420349121094,294.50592041015625,226.75332641601562
2021-08-23,146.5621795654297,294.78656005859375,235.43333435058594
2021-08-24,146.47412109375,292.8222351074219,236.163330078125
2021-08-25,145.24063110351562,292.2320556640625,237.06666564941406
2021-08-26,144.43783569335938,289.40655517578125,233.72000122070312
2021-08-27,145.47557067871094,290.0162048339844,237.30667114257812
2021-08-30,149.9005126953125,293.7608337402344,243.6366729736328
2021-08-31,148.63763427734375,292.106201171875,245.24000549316406
2021-09-01,149.30332946777344,292.0578308105469,244.69667053222656
2021-09-02,150.4193878173828,291.39984130859375,244.1300048828125
2021-09-03,151.0557098388672,291.39019775390625,244.52333068847656
2021-09-07,153.39544677734375,290.4613037109375,250.97332763671875
2021-09-08,151.84866333007812,290.4903259277344,251.2899932861328
2021-09-09,150.83053588867188,287.6260986328125,251.6199951171875
2021-09-10,145.83779907226562,286.1359558105469,245.42333984375
2021-09-13,146.4055938720703,287.3744812011719,247.6666717529297
2021-09-14,145.0056610107422,290.0838623046875,248.163330078125
2021-09-15,145.896484375,294.9510803222656,251.94332885742188
2021-09-16,145.66152954101562,295.3380432128906,252.3300018310547
2021-09-17,142.98898315429688,290.16131591796875,253.163330078125
2021-09-20,139.93455505371094,284.7715148925781,243.38999938964844
2021-09-21,140.41424560546875,285.2554016113281,246.4600067138672
2021-09-22,142.78338623046875,288.91302490234375,250.64666748046875
2021-09-23,143.74278259277344,289.8613586425781,251.2133331298828
2021-09-24,143.8308563232422,289.6580810546875,258.1300048828125
2021-09-27,142.31346130371094,284.6458740234375,263.78668212890625
2021-09-28,138.9262237548828,274.3406066894531,259.1866760253906
2021-09-29,139.82687377929688,274.80511474609375,260.4366760253906
2021-09-30,138.52484130859375,272.7925109863281,258.49334716796875
2021-10-01,139.650634765625,279.7400207519531,258.40667724609375
2021-10-04,136.21444702148438,273.94390869140625,260.510009765625
2021-10-05,138.14303588867188,279.4110412597656,260.1966552734375
2021-10-06,139.0143280029297,283.62005615234375,260.9166564941406
2021-10-07,140.27716064453125,285.3038024902344,264.53668212890625
2021-10-08,139.89540100097656,285.3038024902344,261.8299865722656
2021-10-11,139.8072967529297,284.70391845703125,263.9800109863281
2021-10-12,138.5346221923828,283.3976135253906,268.5733337402344
2021-10-13,137.94723510742188,286.71661376953125,270.3599853515625
2021-10-14,140.73731994628906,292.9480285644531,272.7733459472656
2021-10-15,141.7946319580078,294.3607177734375,281.010009765625
2021-10-18,143.46864318847656,297.341064453125,290.03668212890625
2021-10-19,145.63217163085938,298.25067138671875,288.0899963378906
2021-10-20,146.1216583251953,297.4571228027344,288.6000061035156
2021-10-21,146.3370819091797,300.6986999511719,298.0
2021-10-22,145.56365966796875,299.1505432128906,303.2266540527344
2021-10-25,145.5147247314453,298.15380859375,341.6199951171875
2021-10-26,146.18040466308594,300.0697326660156,339.4766540527344
2021-10-27,145.72032165527344,312.7069091796875,345.9533386230469
2021-10-28,149.36207580566406,313.8487548828125,359.0133361816406
2021-10-29,146.65032958984375,320.8833312988281,371.3333435058594
2021-11-01,145.82797241210938,318.7062683105469,402.86334228515625
2021-11-02,146.8656768798828,322.3444519042969,390.6666564941406
2021-11-03,148.30479431152344,323.186279296875,404.6199951171875
2021-11-04,147.7859649658203,325.5472717285156,409.9700012207031
2021-11-05,148.31532287597656,325.1795654296875,407.36334228515625
2021-11-08,147.4918212890625,326.0794372558594,387.64666748046875
2021-11-09,147.85455322265625,325.0731201171875,341.1666564941406
2021-11-10,145.0211944580078,320.08984375,355.98333740234375
2021-11-11,144.97218322753906,321.6670837402344,354.5033264160156
2021-11-12,147.05062866210938,325.8182067871094,344.47332763671875
2021-11-15,147.06045532226562,325.1892395019531,337.7966613769531
2021-11-16,148.0408477783203,328.5178527832031,351.57666015625
2021-11-17,150.4820556640625,328.7408752441406,363.0033264160156
2021-11-18,154.7761688232422,330.8249816894531,365.4599914550781
2021-11-19,157.4036865234375,332.6086730957031,379.0199890136719
2021-11-22,157.86448669433594,329.42913818359375,385.6233215332031
2021-11-23,158.246826171875,327.34490966796875,369.6766662597656
2021-11-24,158.76644897460938,327.56787109375,372.0
2021-11-26,153.7369842529297,319.58978271484375,360.6400146484375
2021-11-29,157.09974670410156,326.32696533203125,378.9966735839844
2021-11-30,162.06060791015625,320.471923828125,381.586669921875
2021-12-01,161.5409698486328,319.97747802734375,365.0
2021-12-02,160.55078125,319.40557861328125,361.5333251953125
2021-12-03,158.66839599609375,313.1239318847656,338.3233337402344
2021-12-06,162.0802459716797,316.2065734863281,336.336669921875
2021-12-07,167.8253631591797,324.66937255859375,350.5833435058594
2021-12-08,171.6489715576172,324.71783447265625,356.32000732421875
2021-12-09,171.13916015625,322.9051208496094,334.6000061035156
2021-12-10,175.9332733154297,332.0561828613281,339.010009765625
2021-12-13,172.29600524902344,329.01226806640625,322.13665771484375
2021-12-14,170.91363525390625,318.2908020019531,319.5033264160156
2021-12-15,175.78627014160156,324.40765380859375,325.3299865722656
2021-12-16,168.8842010498047,314.9560241699219,308.97332763671875
2021-12-17,167.7861328125,313.8897399902344,310.8566589355469
2021-12-20,166.4234161376953,310.1187744140625,299.9800109863281
2021-12-21,169.59991455078125,317.27294921875,312.84332275390625
2021-12-22,172.1979522705078,323.0020751953125,336.2900085449219
2021-12-23,172.825439453125,324.4464416503906,355.6666564941406
2021-12-27,176.7960662841797,331.968994140625,364.64666748046875
2021-12-28,175.7764434814453,330.8056945800781,362.8233337402344
2021-12-29,175.86468505859375,331.4842529296875,362.0633239746094
2021-12-30,174.70779418945312,328.93475341796875,356.7799987792969
2021-12-31,174.0901641845703,326.0265808105469,352.260009765625
2022-01-03,178.44313049316406,324.5046081542969,399.9266662597656
2022-01-04,176.17837524414062,318.94024658203125,383.1966552734375
2022-01-05,171.4920654296875,306.69683837890625,362.7066650390625
2022-01-06,168.62930297851562,304.2733154296875,354.8999938964844
2022-01-07,168.7959442138672,304.4284973144531,342.32000732421875
2022-01-10,168.81558227539062,304.6513671875,352.7066650390625
2022-01-11,171.6489715576172,305.3397216796875,354.79998779296875
2022-01-12,172.0901336669922,308.5289611816406,368.739990234375
2022-01-13,168.81558227539062,295.4712219238281,343.85333251953125
2022-01-14,169.67832946777344,300.7059631347656,349.8699951171875
2022-01-18,166.472412109375,293.38702392578125,343.5033264160156
2022-01-19,162.97238159179688,294.0462341308594,331.8833312988281
2022-01-20,161.2860870361328,292.36920166015625,332.0899963378906
2022-01-21,159.22723388671875,286.9696960449219,314.6333312988281
2022-01-24,158.4527587890625,287.29925537109375,310.0
2022-01-25,156.64878845214844,279.66046142578125,306.1333312988281
2022-01-26,156.56056213378906,287.6288146972656,312.4700012207031
2022-01-27,156.0997314453125,290.66302490234375,276.3666687011719
2022-01-28,166.99203491210938,298.82537841796875,282.1166687011719
2022-01-31,171.35482788085938,301.46209716796875,312.239990234375
2022-02-01,171.18812561035156,299.31005859375,310.4166564941406
2022-02-02,172.39407348632812,303.8662109375,301.88665771484375
2022-02-03,169.51165771484375,292.0299072265625,297.0466613769531
2022-02-04,169.22698974609375,296.57635498046875,307.7733459472656
2022-02-07,168.51039123535156,291.73907470703125,302.4466552734375
2022-02-08,171.6222686767578,295.238525390625,307.3333435058594
2022-02-09,173.0456085205078,301.6850280761719,310.6666564941406
2022-02-10,168.96194458007812,293.1253356933594,301.51666259765625
2022-02-11,165.5457763671875,286.00994873046875,286.6666564941406
2022-02-14,165.78138732910156,285.97119140625,291.9200134277344
2022-02-15,169.6196746826172,291.2737731933594,307.4766540527344
2022-02-16,169.38406372070312,290.933837890625,307.7966613769531
2022-02-17,165.78138732910156,282.41461181640625,292.1166687011719
2022-02-18,164.23037719726562,279.6947021484375,285.6600036621094
2022-02-22,161.30506896972656,279.4906921386719,273.84332275390625
2022-02-23,157.13304138183594,272.25384521484375,254.67999267578125
2022-02-24,159.75404357910156,286.1641540527344,266.92333984375
2022-02-25,161.82533264160156,288.80645751953125,269.9566650390625
2022-02-28,162.09034729003906,290.244140625,290.1433410644531
2022-03-01,160.2056121826172,286.513916015625,288.1233215332031
2022-03-02,163.5039520263672,291.60406494140625,293.2966613769531
2022-03-03,163.18002319335938,287.4561767578125,279.7633361816406
2022-03-04,160.17613220214844,281.5694885253906,279.42999267578125
2022-03-07,156.37718200683594,270.9327087402344,268.1933288574219
2022-03-08,154.55130004882812,267.9602966308594,274.79998779296875
2022-03-09,159.960205078125,280.2483825683594,286.3233337402344
2022-03-10,155.61148071289062,277.421630859375,279.4333190917969
2022-03-11,151.8909912109375,272.0595703125,265.1166687011719
2022-03-14,147.8564453125,268.5333557128906,255.4566650390625
2022-03-15,152.24441528320312,278.9370422363281,267.2966613769531
2022-03-16,156.66184997558594,285.9700012207031,280.07666015625
2022-03-17,157.67295837402344,286.77618408203125,290.5333251953125
2022-03-18,160.97128295898438,291.8371887207031,301.7966613769531
2022-03-21,162.3456268310547,290.60345458984375,307.0533447265625
2022-03-22,165.72250366210938,295.3634033203125,331.32666015625
2022-03-23,167.0869903564453,290.9240417480469,333.03668212890625
2022-03-24,170.87615966796875,295.4022521972656,337.97332763671875
2022-03-25,171.51422119140625,294.99420166015625,336.8800048828125
2022-03-28,172.37811279296875,301.81341552734375,363.9466552734375
2022-03-29,175.67645263671875,306.3887939453125,366.5233459472656
2022-03-30,174.50828552246094,304.883056640625,364.663330078125
2022-03-31,171.40623474121094,299.4918212890625,359.20001220703125
2022-04-01,171.11175537109375,300.57012939453125,361.5299987792969
2022-04-04,175.16600036621094,305.9613037109375,381.8166809082031
2022-04-05,171.84800720214844,301.98834228515625,363.7533264160156
2022-04-06,168.67727661132812,290.933837890625,348.586669921875
2022-04-07,168.98159790039062,292.7503356933594,352.4200134277344
2022-04-08,166.9691925048828,288.4761962890625,341.8299865722656
2022-04-11,162.7088165283203,277.10107421875,325.30999755859375
2022-04-12,164.5837860107422,273.99261474609375,328.98333740234375
2022-04-13,167.2734832763672,279.3935852050781,340.7900085449219
2022-04-14,162.2572479248047,271.826416015625,328.3333435058594
2022-04-18,162.04129028320312,272.49664306640625,334.7633361816406
2022-04-19,164.32850646972656,277.1399841308594,342.7166748046875
2022-04-20,164.16165161132812,278.1695861816406,325.73333740234375
2022-04-21,163.3665313720703,272.7783508300781,336.260009765625
2022-04-22,158.82144165039062,266.1922912597656,335.01666259765625
2022-04-25,159.89149475097656,272.69091796875,332.67333984375
2022-04-26,153.9230194091797,262.4912414550781,292.1400146484375
2022-04-27,153.69725036621094,275.1194152832031,293.836669921875
2022-04-28,160.63751220703125,281.3460998535156,292.5033264160156
2022-04-29,154.75746154785156,269.5824279785156,290.2533264160156
2022-05-02,155.061767578125,276.3337097167969,300.9800109863281
2022-05-03,156.55384826660156,273.72064208984375,303.0833435058594
2022-05-04,162.97384643554688,281.6861267089844,317.5400085449219
2022-05-05,153.89361572265625,269.4172668457031,291.09332275390625
2022-05-06,154.62106323242188,266.8721923828125,288.54998779296875
2022-05-09,149.48931884765625,257.0125732421875,262.3699951171875
2022-05-10,151.89791870117188,261.7918395996094,266.67999267578125
2022-05-11,144.02333068847656,253.09783935546875,244.6666717529297
2022-05-12,140.14988708496094,248.0465545654297,242.6666717529297
2022-05-13,144.62298583984375,253.65151977539062,256.5299987792969
2022-05-16,143.0795440673828,254.02064514160156,241.4566650390625
2022-05-17,146.71702575683594,259.1884765625,253.8699951171875
2022-05-18,138.43939208984375,247.38772583007812,236.60333251953125
2022-05-19,135.02798461914062,246.47250366210938,236.47332763671875
2022-05-20,135.26393127441406,245.9077606201172,221.3000030517578
2022-05-23,140.6906280517578,253.78468322753906,224.96665954589844
2022-05-24,137.98709106445312,252.78187561035156,209.3866729736328
2022-05-25,138.14442443847656,255.60543823242188,219.60000610351562
2022-05-26,141.3492889404297,258.89642333984375,235.91000366210938
2022-05-27,147.11024475097656,266.0429992675781,253.2100067138672
2022-05-31,146.32373046875,264.70916748046875,252.75332641601562
2022-06-01,146.19598388671875,265.24462890625,246.7899932861328
2022-06-02,148.65371704101562,267.3477783203125,258.3333435058594
2022-06-03,142.92225646972656,262.90789794921875,234.51666259765625
2022-06-06,143.6693878173828,261.6712951660156,238.27999877929688
2022-06-07,146.19598388671875,265.3226013183594,238.8866729736328
2022-06-08,145.4586181640625,263.2876281738281,241.86666870117188
2022-06-09,140.22857666015625,257.8156433105469,239.7066650390625
2022-06-10,134.81175231933594,246.32644653320312,232.22999572753906
2022-06-13,129.65048217773438,235.87908935546875,215.73666381835938
2022-06-14,130.5155792236328,238.0503387451172,220.88999938964844
2022-06-15,133.1404571533203,245.1288299560547,233.0
2022-06-16,127.8612060546875,238.5177001953125,213.10000610351562
2022-06-17,129.33587646484375,241.1270751953125,216.75999450683594
2022-06-21,133.57302856445312,247.05667114257812,237.0366668701172
2022-06-22,133.06182861328125,246.4627685546875,236.086669921875
2022-06-23,135.9324493408203,252.04180908203125,235.07000732421875
2022-06-24,139.26516723632812,260.6490173339844,245.7066650390625
2022-06-27,139.26516723632812,257.91302490234375,244.9199981689453
2022-06-28,135.11648559570312,249.7245330810547,232.663330078125
2022-06-29,136.87620544433594,253.40499877929688,228.49000549316406
2022-06-30,134.40866088867188,250.0653076171875,224.47332763671875
2022-07-01,136.58131408691406,252.74285888671875,227.26333618164062
2022-07-05,139.16683959960938,255.92674255371094,233.06666564941406
2022-07-06,140.5038604736328,259.1982421875,231.73333740234375
2022-07-07,143.87586975097656,261.33056640625,244.5433349609375
2022-07-08,144.55416870117188,260.6100158691406,250.76333618164062
2022-07-11,142.42086791992188,257.54296875,234.3433380126953
2022-07-12,143.3941650390625,246.988525390625,233.07000732421875
2022-07-13,143.03042602539062,246.06353759765625,237.0399932861328
2022-07-14,145.96005249023438,247.38772583007812,238.31333923339844
2022-07-15,147.6312713623047,249.95822143554688,240.06666564941406
2022-07-18,144.5836944580078,247.55325317382812,240.54666137695312
2022-07-19,148.44725036621094,252.6941375732422,245.52999877929688
2022-07-20,150.45274353027344,255.3620147705078,247.5
2022-07-21,152.7237091064453,257.8643493652344,271.7066650390625
2022-07-22,151.48497009277344,253.5023193359375,272.24334716796875
2022-07-25,150.3642578125,252.0126190185547,268.4333190917969
2022-07-26,149.037109375,245.26515197753906,258.8599853515625
2022-07-27,154.1393280029297,261.6616516113281,274.82000732421875
2022-07-28,154.6898956298828,269.12957763671875,280.8999938964844
2022-07-29,159.7626495361328,273.34552001953125,297.1499938964844
2022-08-01,158.77957153320312,270.68743896484375,297.27667236328125
2022-08-02,157.30490112304688,267.58148193359375,300.586669921875
2022-08-03,163.3214569091797,275.0299377441406,307.39666748046875
2022-08-04,163.0068359375,276.17889404296875,308.6333312988281
2022-08-05,162.7804412841797,275.4583740234375,288.1700134277344
2022-08-08,162.30789184570312,272.9366149902344,290.42333984375
2022-08-09,162.3571319580078,274.86444091796875,283.3333435058594
2022-08-10,166.61001586914062,281.5437927246094,294.3566589355469
2022-08-11,165.87164306640625,279.46014404296875,286.6300048828125
2022-08-12,169.42555236816406,284.2213134765625,300.0299987792969
2022-08-15,170.49862670898438,285.74029541015625,309.32000732421875
2022-08-16,170.3411102294922,285.0002746582031,306.5633239746094
2022-08-17,171.8374481201172,284.2489013671875,303.9966735839844
2022-08-18,171.44369506835938,283.1268615722656,302.8699951171875
2022-08-19,168.8545379638672,279.2044677734375,296.6666564941406
2022-08-22,164.9659423828125,271.0083312988281,289.913330078125
2022-08-23,164.63121032714844,269.7301330566406,296.4533386230469
2022-08-24,164.92657470703125,269.0958557128906,297.0966796875
2022-08-25,167.38772583007812,272.0816345214844,296.07000732421875
2022-08-26,161.0773162841797,261.5827941894531,288.0899963378906
2022-08-29,158.87213134765625,258.7922058105469,284.82000732421875
2022-08-30,156.44053649902344,256.5870666503906,277.70001220703125
2022-08-31,154.77674865722656,255.12344360351562,275.6099853515625
2022-09-01,155.50527954101562,254.07943725585938,277.1600036621094
2022-09-02,153.38870239257812,249.84475708007812,270.2099914550781
2022-09-06,152.1285858154297,247.10299682617188,274.4200134277344
2022-09-07,153.536376953125,251.82553100585938,283.70001220703125
2022-09-08,152.0596923828125,252.24505615234375,289.260009765625
2022-09-09,154.9244384765625,258.0408630371094,299.67999267578125
2022-09-12,160.8902587890625,260.1777038574219,304.4200134277344
2022-09-13,151.44927978515625,245.8735809326172,292.1300048828125
2022-09-14,152.89645385742188,246.09799194335938,302.6099853515625
2022-09-15,150.00216674804688,239.4240264892578,303.75
2022-09-16,148.35809326171875,238.79953002929688,303.3500061035156
2022-09-19,152.07937622070312,238.5848846435547,309.07000732421875
2022-09-20,154.4617462158203,236.5651397705078,308.7300109863281
2022-09-21,151.3311767578125,233.1500701904297,300.79998779296875
2022-09-22,150.3664093017578,235.13079833984375,288.5899963378906
2022-09-23,148.09230041503906,232.1450958251953,275.3299865722656
2022-09-26,148.42701721191406,231.68650817871094,276.010009765625
2022-09-27,149.401611328125,230.6717529296875,282.94000244140625
2022-09-28,147.511474609375,235.21861267089844,287.80999755859375
2022-09-29,140.26583862304688,231.73526000976562,268.2099914550781
2022-09-30,136.05235290527344,227.2469482421875,265.25
2022-10-03,140.23631286621094,234.8966522216797,242.39999389648438
2022-10-04,143.82958984375,242.83905029296875,249.44000244140625
2022-10-05,144.12493896484375,243.1512451171875,240.80999755859375
2022-10-06,143.1699981689453,240.79977416992188,238.1300048828125
2022-10-07,137.91297912597656,228.5543975830078,223.07000732421875
2022-10-10,138.2378387451172,223.68553161621094,222.9600067138672
2022-10-11,136.82020568847656,219.93873596191406,216.5
2022-10-12,136.19015502929688,220.27047729492188,217.24000549316406
2022-10-13,140.7679443359375,228.5543975830078,221.72000122070312
2022-10-14,136.22955322265625,223.0122833251953,204.99000549316406
2022-10-17,140.19692993164062,231.76455688476562,219.35000610351562
2022-10-18,141.51608276367188,232.71102905273438,220.19000244140625
2022-10-19,141.6243896484375,230.7400360107422,222.0399932861328
2022-10-20,141.1616668701172,230.41802978515625,207.27999877929688
2022-10-21,144.98141479492188,236.24313354492188,214.44000244140625
2022-10-24,147.1275177001953,241.24862670898438,211.25
2022-10-25,149.97262573242188,244.5758819580078,222.4199981689453
2022-10-26,147.0290985107422,225.705322265625,224.63999938964844
2022-10-27,142.54978942871094,221.24618530273438,225.08999633789062
2022-10-28,153.31979370117188,230.1448211669922,228.52000427246094
2022-10-31,150.9570770263672,226.49562072753906,227.5399932861328
2022-11-01,148.3088836669922,222.63172912597656,227.82000732421875
2022-11-02,142.77618408203125,214.7576141357422,214.97999572753906
2022-11-03,136.72177124023438,209.04957580566406,215.30999755859375
2022-11-04,136.45555114746094,216.0163116455078,207.47000122070312
2022-11-07,136.98802185058594,222.33901977539062,197.0800018310547
2022-11-08,137.55995178222656,223.3147430419922,191.3000030517578
2022-11-09,132.99435424804688,219.0605926513672,177.58999633789062
2022-11-10,144.8274688720703,237.08226013183594,190.72000122070312
2022-11-11,147.6181182861328,241.11203002929688,195.97000122070312
2022-11-14,146.21788024902344,235.68701171875,190.9499969482422
2022-11-15,147.95338439941406,236.09677124023438,194.4199981689453
2022-11-16,146.7207489013672,236.52731323242188,186.9199981689453
2022-11-17,148.6239471435547,236.47837829589844,183.1699981689453
2022-11-18,149.18600463867188,236.02828979492188,180.19000244140625
2022-11-21,145.95159912109375,236.8404083251953,167.8699951171875
2022-11-22,148.09144592285156,239.7562713623047,169.91000366210938
2022-11-23,148.96908569335938,242.25140380859375,183.1999969482422
2022-11-25,146.0502166748047,242.16336059570312,182.86000061035156
2022-11-28,142.21432495117188,236.556640625,182.9199981689453
2022-11-29,139.20675659179688,235.1574249267578,180.8300018310547
2022-11-30,145.9713592529297,249.64866638183594,194.6999969482422
2022-12-01,146.24742126464844,249.20835876464844,194.6999969482422
2022-12-02,145.75439453125,249.53126525878906,194.86000061035156
2022-12-05,144.5908203125,244.81500244140625,182.4499969482422
2022-12-06,140.92254638671875,239.84432983398438,179.82000732421875
2022-12-07,138.97996520996094,239.11050415039062,174.0399932861328
2022-12-08,140.66616821289062,242.07525634765625,173.44000244140625
2022-12-09,140.18296813964844,240.13787841796875,179.0500030517578
2022-12-12,142.48056030273438,247.07528686523438,167.82000732421875
2022-12-13,143.44692993164062,251.390380859375,160.9499969482422
2022-12-14,141.21835327148438,251.68392944335938,156.8000030517578
2022-12-15,134.60169982910156,243.65060424804688,157.6699981689453
2022-12-16,132.63937377929688,239.42361450195312,150.22999572753906
2022-12-19,130.52914428710938,235.2748565673828,149.8699951171875
2022-12-20,130.4601287841797,236.59580993652344,137.8000030517578
2022-12-21,133.56625366210938,239.16917419433594,137.57000732421875
2022-12-22,130.39109802246094,233.06350708007812,125.3499984741211
2022-12-23,130.02621459960938,233.59185791015625,123.1500015258789
2022-12-27,128.22164916992188,231.8599853515625,109.0999984741211
2022-12-28,124.28716278076172,229.4822540283203,112.70999908447266
2022-12-29,127.80750274658203,235.82278442382812,121.81999969482422
2022-12-30,128.12301635742188,234.6584014892578,123.18000030517578
2023-01-03,123.33063507080078,234.42359924316406,108.0999984741211
2023-01-04,124.60269927978516,224.16915893554688,113.63999938964844
2023-01-05,123.28133392333984,217.52529907226562,110.33999633789062
2023-01-06,127.81735229492188,220.08889770507812,113.05999755859375
2023-01-09,128.33999633789062,222.2317657470703,119.7699966430664
2023-01-10,128.9119110107422,223.9245147705078,118.8499984741211
2023-01-11,131.633544921875,230.69557189941406,123.22000122070312
2023-01-12,131.55467224121094,233.3766326904297,123.55999755859375
2023-01-13,132.8858642578125,234.0811004638672,122.4000015258789
2023-01-17,134.04946899414062,235.17703247070312,131.49000549316406
2023-01-18,133.3296356201172,230.73472595214844,128.77999877929688
2023-01-19,133.3887939453125,226.938232421875,127.16999816894531
2023-01-20,135.95263671875,235.0498046875,133.4199981689453
2023-01-23,139.14759826660156,237.35899353027344,143.75
2023-01-24,140.54783630371094,236.83065795898438,143.88999938964844
2023-01-25,139.8871612548828,235.43141174316406,144.42999267578125
2023-01-26,141.95797729492188,242.662353515625,160.27000427246094
2023-01-27,143.90054321289062,242.81890869140625,177.89999389648438
2023-01-30,141.0113067626953,237.4862060546875,166.66000366210938
2023-01-31,142.2833709716797,242.4764404296875,173.22000122070312
2023-02-01,143.40753173828125,247.3101348876953,181.41000366210938
2023-02-02,148.72254943847656,258.9050598144531,188.27000427246094
2023-02-03,152.35134887695312,252.78961181640625,189.97999572753906
2023-02-06,149.61990356445312,251.24359130859375,194.75999450683594
2023-02-07,152.49929809570312,261.8013610839844,196.80999755859375
2023-02-08,149.80722045898438,260.98919677734375,201.2899932861328
2023-02-09,148.7718505859375,257.9461669921875,207.32000732421875
2023-02-10,149.1372528076172,257.4373779296875,196.88999938964844
2023-02-13,151.9420623779297,265.48046875,194.63999938964844
2023-02-14,151.3000946044922,266.3121643066406,209.25
2023-02-15,153.40370178222656,264.1835632324219,214.24000549316406
2023-02-16,151.8037872314453,257.1502685546875,202.0399932861328
2023-02-17,150.6581573486328,253.1383056640625,208.30999755859375
2023-02-21,146.63861083984375,247.85108947753906,197.3699951171875
2023-02-22,147.0633087158203,246.7132110595703,200.86000061035156
2023-02-23,147.54721069335938,249.91104125976562,202.07000732421875
2023-02-24,144.89059448242188,244.4668731689453,196.8800048828125
2023-02-27,146.08558654785156,245.3889617919922,207.6300048828125
2023-02-28,145.58189392089844,244.66305541992188,205.7100067138672
2023-03-01,143.50794982910156,241.5731201171875,202.77000427246094
2023-03-02,144.1005401611328,246.32083129882812,190.89999389648438
2023-03-03,149.15699768066406,250.42111206054688,197.7899932861328
2023-03-06,151.92227172851562,251.97100830078125,193.80999755859375
2023-03-07,149.71994018554688,249.3028564453125,187.7100067138672
2023-03-08,150.9741668701172,248.86143493652344,182.0
2023-03-09,148.7224578857422,247.50778198242188,172.9199981689453
2023-03-10,146.6584014892578,243.848876953125,173.44000244140625
2023-03-13,148.6039276123047,249.07723999023438,174.47999572753906
2023-03-14,150.6976318359375,255.81625366210938,183.25999450683594
2023-03-15,151.09271240234375,260.3775634765625,180.4499969482422
2023-03-16,153.917236328125,270.9323425292969,184.1300048828125
2023-03-17,153.07778930664062,274.1007385253906,180.1300048828125
2023-03-20,155.447998046875,267.0380554199219,183.25
2023-03-21,157.3046875,268.5585021972656,197.5800018310547
2023-03-22,155.87266540527344,267.09686279296875,191.14999389648438
2023-03-23,156.95901489257812,272.3644714355469,192.22000122070312
2023-03-24,158.26268005371094,275.218994140625,190.41000366210938
2023-03-27,156.3170928955078,271.10888671875,191.80999755859375
2023-03-28,155.6949005126953,269.9808349609375,189.19000244140625
2023-03-29,158.77622985839844,275.1601257324219,193.8800048828125
2023-03-30,160.34649658203125,278.63262939453125,195.27999877929688
2023-03-31,162.85499572753906,282.801513671875,207.4600067138672
2023-04-03,164.10923767089844,281.7519836425781,194.77000427246094
2023-04-04,163.57595825195312,281.7029113769531,192.5800018310547
2023-04-05,161.7291259765625,278.91705322265625,185.52000427246094
2023-04-06,162.61798095703125,286.03863525390625,185.05999755859375
2023-04-10,160.02059936523438,283.87078857421875,184.50999450683594
2023-04-11,158.80584716796875,277.4358215332031,186.7899932861328
2023-04-12,158.11453247070312,278.083251953125,180.5399932861328
2023-04-13,163.50682067871094,284.31219482421875,185.89999389648438
2023-04-14,163.1611785888672,280.6827392578125,185.0
2023-04-17,163.18089294433594,283.2920227050781,187.0399932861328
2023-04-18,164.40554809570312,282.87017822265625,184.30999755859375
2023-04-19,165.5511474609375,282.9486999511719,180.58999633789062
2023-04-20,164.58326721191406,280.6533203125,162.99000549316406
2023-04-21,162.97352600097656,280.30999755859375,165.0800018310547
2023-04-24,163.27969360351562,276.3960876464844,162.5500030517578
2023-04-25,161.739013671875,270.167236328125,160.6699981689453
2023-04-26,161.7291259765625,289.7366638183594,153.75
2023-04-27,166.32147216796875,299.01629638671875,160.19000244140625
2023-04-28,167.5757293701172,301.3999328613281,164.30999755859375
2023-05-01,167.48684692382812,299.73236083984375,161.8300018310547
2023-05-02,166.4498748779297,299.5852355957031,160.30999755859375
2023-05-03,165.3733673095703,298.5944519042969,160.61000061035156
2023-05-04,163.7339630126953,299.5852355957031,161.1999969482422
2023-05-05,171.41749572753906,304.72528076171875,170.05999755859375
2023-05-08,171.34835815429688,302.7633972167969,171.7899932861328
2023-05-09,169.63980102539062,301.1448974609375,169.14999389648438
2023-05-10,171.40757751464844,306.3536376953125,168.5399932861328
2023-05-11,171.59523010253906,304.1955871582031,172.0800018310547
2023-05-12,170.6656494140625,303.07733154296875,167.97999572753906
2023-05-15,170.171142578125,303.5579528808594,166.35000610351562
2023-05-16,170.171142578125,305.7945251464844,166.52000427246094
2023-05-17,170.78428649902344,308.68475341796875,173.86000061035156
2023-05-18,173.11827087402344,313.128173828125,176.88999938964844
2023-05-19,173.22705078125,312.9512939453125,180.13999938964844
2023-05-22,172.27764892578125,315.7431945800781,188.8699951171875
2023-05-23,169.66676330566406,309.92340087890625,185.77000427246094
2023-05-24,169.94369506835938,308.5372619628906,182.89999389648438
2023-05-25,171.08099365234375,320.4029846191406,184.47000122070312
2023-05-26,173.49404907226562,327.2549743652344,193.1699981689453
2023-05-30,175.34341430664062,325.6033630371094,201.16000366210938
2023-05-31,175.29396057128906,322.8311462402344,203.92999267578125
2023-06-01,178.10264587402344,326.9502258300781,207.52000427246094
2023-06-02,178.953125,329.7224426269531,213.97000122070312
2023-06-05,177.59825134277344,330.2532958984375,217.61000061035156
2023-06-06,177.2323455810547,328.03155517578125,221.30999755859375
2023-06-07,175.85769653320312,317.9059753417969,224.57000732421875
2023-06-08,178.5773468017578,319.754150390625,234.86000061035156
2023-06-09,178.96304321289062,321.25823974609375,244.39999389648438
2023-06-12,181.76177978515625,326.2325439453125,249.8300018310547
2023-06-13,181.28709411621094,328.63128662109375,258.7099914550781
2023-06-14,181.9200439453125,331.629638671875,256.7900085449219
2023-06-15,183.95730590820312,342.2075500488281,255.89999389648438
2023-06-16,182.87933349609375,336.5351257324219,260.5400085449219
2023-06-20,182.9683380126953,332.32757568359375,274.45001220703125
2023-06-21,181.92991638183594,327.9136657714844,259.4599914550781
2023-06-22,184.93637084960938,333.95953369140625,264.6099853515625
2023-06-23,184.61988830566406,329.3489074707031,256.6000061035156
2023-06-26,183.22544860839844,323.03759765625,241.0500030517578
2023-06-27,185.9846649169922,328.90655517578125,250.2100067138672
2023-06-28,187.16156005859375,330.1649169921875,256.239990234375
2023-06-29,187.49781799316406,329.37841796875,257.5
2023-06-30,191.8294677734375,334.7754821777344,261.7699890136719
2023-07-03,190.3361358642578,332.2686767578125,279.82000732421875
2023-07-05,189.21861267089844,332.4258728027344,282.4800109863281
2023-07-06,189.69329833984375,335.4931335449219,276.5400085449219
2023-07-07,188.5757293701172,331.5116271972656,274.42999267578125
2023-07-10,186.52859497070312,326.2129211425781,269.6099853515625
2023-07-11,186.00445556640625,326.842041015625,269.7900085449219
2023-07-12,187.67579650878906,331.4920349121094,271.989990234375
2023-07-13,188.43728637695312,336.8595886230469,277.8999938964844
2023-07-14,188.58566284179688,339.3959045410156,281.3800048828125
2023-07-17,191.84922790527344,339.8776550292969,290.3800048828125
2023-07-18,191.5921173095703,353.40472412109375,293.3399963378906
2023-07-19,192.94700622558594,349.0693359375,291.260009765625
2023-07-20,190.9987335205078,340.998291015625,262.8999938964844
2023-07-21,189.8218536376953,337.9507751464844,260.0199890136719
2023-07-24,190.6229248046875,339.2680969238281,269.05999755859375
2023-07-25,191.48333740234375,345.03875732421875,265.2799987792969
2023-07-26,192.3535919189453,332.0523986816406,264.3500061035156
2023-07-27,191.0877227783203,325.12164306640625,255.7100067138672
2023-07-28,193.6689453125,332.6421813964844,266.44000244140625
2023-07-31,194.28208923339844,330.23370361328125,267.42999267578125
2023-08-01,193.4513702392578,330.6466064453125,261.07000732421875
2023-08-02,190.45481872558594,321.9561767578125,254.11000061035156
2023-08-03,189.0603790283203,321.1304626464844,259.32000732421875
2023-08-04,179.98167419433594,322.2314453125,253.86000061035156
2023-08-07,176.87632751464844,324.5220031738281,251.4499969482422
2023-08-08,177.81582641601562,320.5307312011719,249.6999969482422
2023-08-09,176.22360229492188,316.7754211425781,242.19000244140625
2023-08-10,176.00604248046875,317.46356201171875,245.33999633789062
2023-08-11,176.0654296875,315.5760803222656,242.64999389648438
2023-08-14,177.71925354003906,318.5548095703125,239.75999450683594
2023-08-15,175.72874450683594,316.41168212890625,232.9600067138672
2023-08-16,174.8572998046875,315.6432800292969,225.60000610351562
2023-08-17,172.3122100830078,312.1755676269531,219.22000122070312
2023-08-18,172.79747009277344,311.781494140625,215.49000549316406
2023-08-21,174.13436889648438,317.10125732421875,231.27999877929688
2023-08-22,175.51087951660156,317.67266845703125,233.19000244140625
2023-08-23,179.36314392089844,322.1452941894531,236.86000061035156
2023-08-24,174.6691436767578,315.21966552734375,230.0399932861328
2023-08-25,176.8774871826172,318.18499755859375,238.58999633789062
2023-08-28,178.44215393066406,318.894287109375,238.82000732421875
2023-08-29,182.33404541015625,323.53436279296875,257.17999267578125
2023-08-30,185.82981872558594,323.9087219238281,256.8999938964844
2023-08-31,186.0476531982422,322.8940124511719,258.0799865722656
2023-09-01,187.62225341796875,323.7806396484375,245.00999450683594
2023-09-05,187.8599090576172,328.5980529785156,256.489990234375
2023-09-06,181.13577270507812,327.9379577636719,251.9199981689453
2023-09-07,175.83767700195312,325.0120544433594,251.49000549316406
2023-09-08,176.45164489746094,329.30731201171875,248.5
2023-09-11,177.62020874023438,332.9228820800781,273.5799865722656
2023-09-12,174.5899200439453,326.8444519042969,267.4800109863281
2023-09-13,172.5201873779297,331.07073974609375,271.29998779296875
2023-09-14,174.0353240966797,333.6716003417969,276.0400085449219
2023-09-15,173.3124237060547,325.3174743652344,274.3900146484375
2023-09-18,176.24371337890625,324.1746826171875,265.2799987792969
2023-09-19,177.33302307128906,323.7707824707031,266.5
2023-09-20,173.7877655029297,316.0077819824219,262.5899963378906
2023-09-21,172.2428741455078,314.7861633300781,255.6999969482422
2023-09-22,173.0945587158203,312.3035888671875,244.8800048828125
2023-09-25,174.37203979492188,312.82574462890625,246.99000549316406
2023-09-26,170.29200744628906,307.5059509277344,244.1199951171875
2023-09-27,168.77682495117188,308.1462707519531,240.5
2023-09-28,169.03433227539062,308.983642578125,246.3800048828125
2023-09-29,169.54928588867188,311.0622863769531,250.22000122070312
2023-10-02,172.06463623046875,317.0224304199219,251.60000610351562
2023-10-03,170.72772216796875,308.7373962402344,246.52999877929688
2023-10-04,171.9755096435547,314.2246398925781,261.1600036621094
2023-10-05,173.21339416503906,314.6186828613281,260.04998779296875
2023-10-06,175.76837158203125,322.40142822265625,260.5299987792969
2023-10-09,177.25381469726562,324.9233703613281,259.6700134277344
2023-10-10,176.65963745117188,323.5146789550781,263.6199951171875
2023-10-11,178.05596923828125,327.4848327636719,262.989990234375
2023-10-12,178.95713806152344,326.2435302734375,258.8699951171875
2023-10-13,177.1151885986328,322.86444091796875,251.1199951171875
2023-10-16,176.9864044189453,327.7015686035156,253.9199981689453
2023-10-17,175.43167114257812,327.1301574707031,254.85000610351562
2023-10-18,174.13436889648438,325.2091064453125,242.67999267578125
2023-10-19,173.758056640625,326.4011535644531,220.11000061035156
2023-10-20,171.2030792236328,321.82025146484375,211.99000549316406
2023-10-23,171.32191467285156,324.4308776855469,212.0800018310547
2023-10-24,171.75762939453125,325.6228942871094,216.52000427246094
2023-10-25,169.4403533935547,335.61236572265625,212.4199981689453
2023-10-26,165.2711639404297,323.0221252441406,205.75999450683594
2023-10-27,166.58827209472656,324.9136047363281,207.3000030517578
2023-10-30,168.63819885253906,332.30224609375,197.36000061035156
2023-10-31,169.11354064941406,333.0903625488281,200.83999633789062
2023-11-01,172.28250122070312,340.93218994140625,205.66000366210938
2023-11-02,175.84759521484375,343.1488037109375,218.50999450683594
2023-11-03,174.93649291992188,347.56219482421875,219.9600067138672
2023-11-06,177.49148559570312,351.23687744140625,219.27000427246094
2023-11-07,180.0563507080078,355.177490234375,222.17999267578125
2023-11-08,181.11598205566406,357.807861328125,222.11000061035156
2023-11-09,180.64064025878906,355.3351745605469,209.97999572753906
2023-11-10,184.83511352539062,364.1818542480469,214.64999389648438
2023-11-13,183.24856567382812,361.2362060546875,223.7100067138672
2023-11-14,185.86639404296875,364.77288818359375,237.41000366210938
2023-11-15,186.43161010742188,364.9209899902344,242.83999633789062
2023-11-16,188.1173553466797,371.3374938964844,233.58999633789062
2023-11-17,188.09750366210938,365.09869384765625,234.3000030517578
2023-11-20,189.8427276611328,372.5910949707031,235.60000610351562
2023-11-21,189.03953552246094,368.2773132324219,241.1999969482422
2023-11-22,189.7039031982422,372.9958801269531,234.2100067138672
2023-11-24,188.37515258789062,372.581298828125,235.4499969482422
2023-11-27,188.19664001464844,373.74609375,236.0800018310547
2023-11-28,188.80152893066406,377.7835998535156,246.72000122070312
2023-11-29,187.78016662597656,373.9830322265625,244.13999938964844
2023-11-30,188.35531616210938,374.04229736328125,240.0800018310547
2023-12-01,189.63450622558594,369.69879150390625,238.8300018310547
2023-12-04,187.83969116210938,364.3977966308594,235.5800018310547
2023-12-05,191.7962188720703,367.7342834472656,238.72000122070312
2023-12-06,190.70545959472656,364.0621337890625,239.3699951171875
2023-12-07,192.63905334472656,366.1845397949219,242.63999938964844
2023-12-08,194.06695556640625,369.42236328125,243.83999633789062
2023-12-11,191.55819702148438,366.530029296875,239.74000549316406
2023-12-12,193.07537841796875,369.5704345703125,237.00999450683594
2023-12-13,196.29806518554688,369.5605773925781,239.2899932861328
2023-12-14,196.4468231201172,361.2290344238281,251.0500030517578
2023-12-15,195.91136169433594,365.9673767089844,253.5
2023-12-18,194.24545288085938,367.8626708984375,252.0800018310547
2023-12-19,195.28662109375,368.46484375,257.2200012207031
2023-12-20,193.1943359375,365.85882568359375,247.13999938964844
2023-12-21,193.04559326171875,368.7412414550781,254.5
2023-12-22,191.9746856689453,369.76788330078125,252.5399932861328
2023-12-26,191.42929077148438,369.8468933105469,256.6099853515625
2023-12-27,191.5284423828125,369.26446533203125,261.44000244140625
2023-12-28,191.95484924316406,370.4588928222656,253.17999267578125
2023-12-29,190.91366577148438,371.2091979980469,248.47999572753906
2024-01-02,184.0814971923828,366.1054992675781,248.4199981689453
2024-01-03,182.70318603515625,365.83905029296875,238.4499969482422
2024-01-04,180.38282775878906,363.21319580078125,237.92999267578125
2024-01-05,179.65895080566406,363.025634765625,237.49000549316406
2024-01-08,184.00218200683594,369.8764953613281,240.4499969482422
2024-01-09,183.58570861816406,370.96234130859375,234.9600067138672
2024-01-10,184.62689208984375,377.8526611328125,233.94000244140625
2024-01-11,184.03192138671875,379.6888122558594,227.22000122070312
2024-01-12,184.35916137695312,383.47943115234375,218.88999938964844
2024-01-16,182.08836364746094,385.2563171386719,219.91000366210938
2024-01-17,181.14634704589844,384.46661376953125,215.5500030517578
2024-01-18,187.04640197753906,388.81011962890625,211.8800048828125
2024-01-19,189.95179748535156,393.5483703613281,212.19000244140625
2024-01-22,192.26223754882812,391.4161376953125,208.8000030517578
2024-01-23,193.54141235351562,393.77545166015625,209.13999938964844
2024-01-24,192.8671112060547,397.388427734375,207.8300018310547
2024-01-25,192.53988647460938,399.6687927246094,182.6300048828125
2024-01-26,190.8045654296875,398.7408142089844,183.25
2024-01-29,190.12037658691406,404.4564514160156,190.92999267578125
2024-01-30,186.4613494873047,403.3409729003906,191.58999633789062
2024-01-31,182.85189819335938,392.472412109375,187.2899932861328
2024-02-01,185.29124450683594,398.5927734375,188.86000061035156
2024-02-02,184.28976440429688,405.93719482421875,187.91000366210938
2024-02-05,186.10435485839844,400.43878173828125,181.05999755859375
2024-02-06,187.71075439453125,400.2807922363281,185.10000610351562
2024-02-07,187.8198699951172,408.7308044433594,187.5800018310547
2024-02-08,186.739013671875,408.7900695800781,189.55999755859375
2024-02-09,187.50350952148438,415.14727783203125,193.57000732421875
2024-02-12,185.8156280517578,409.92529296875,188.1300048828125
2024-02-13,183.72068786621094,401.1001281738281,184.02000427246094
2024-02-14,182.8370361328125,404.9769287109375,188.7100067138672
2024-02-15,182.549072265625,402.0792236328125,200.4499969482422
2024-02-16,181.01014709472656,399.6067810058594,199.9499969482422
2024-02-20,180.26548767089844,398.3507995605469,193.75999450683594
2024-02-21,181.0200653076172,397.74749755859375,194.77000427246094
2024-02-22,183.05545043945312,407.1131591796875,197.41000366210938
2024-02-23,181.21864318847656,405.8175964355469,191.97000122070312
2024-02-26,179.86834716796875,403.04840087890625,199.39999389648438
2024-02-27,181.32785034179688,402.9891052246094,199.72999572753906
2024-02-28,180.12649536132812,403.2264709472656,202.0399932861328
2024-02-29,179.46127319335938,409.0812683105469,201.8800048828125
2024-03-01,178.37904357910156,410.9206848144531,202.63999938964844
2024-03-04,173.85154724121094,410.34710693359375,188.13999938964844
2024-03-05,168.90704345703125,398.2123107910156,180.74000549316406
2024-03-06,167.9141845703125,397.6584777832031,176.5399932861328
2024-03-07,167.79502868652344,404.63079833984375,178.64999389648438
2024-03-08,169.51271057128906,401.74298095703125,175.33999633789062
2024-03-11,171.51829528808594,400.06170654296875,177.77000427246094
2024-03-12,171.99485778808594,410.7030944824219,177.5399932861328
2024-03-13,169.90985107421875,410.525146484375,169.47999572753906
2024-03-14,171.76651000976562,420.5335693359375,162.5
2024-03-15,171.38922119140625,411.83056640625,163.57000732421875
2024-03-18,172.48138427734375,412.72064208984375,173.8000030517578
2024-03-19,174.82455444335938,416.76556396484375,171.32000732421875
2024-03-20,177.3961181640625,420.5434875488281,175.66000366210938
2024-03-21,170.14813232421875,424.6378479003906,172.82000732421875
2024-03-22,171.05166625976562,424.0147705078125,170.8300018310547
2024-03-25,169.63185119628906,418.1995544433594,172.6300048828125
2024-03-26,168.49998474121094,417.0028991699219,177.6699981689453
2024-03-27,172.07431030273438,416.7853698730469,179.8300018310547
2024-03-28,170.25735473632812,416.0831604003906,175.7899932861328
2024-04-01,168.8177032470703,419.8907165527344,175.22000122070312
2024-04-02,167.63616943359375,416.79522705078125,166.6300048828125
2024-04-03,168.44039916992188,415.8161315917969,168.3800048828125
2024-04-04,167.61631774902344,413.2744445800781,171.11000061035156
2024-04-05,168.37091064453125,420.83026123046875,164.89999389648438
2024-04-08,167.24896240234375,419.9104919433594,172.97999572753906
2024-04-09,168.4602508544922,421.5818786621094,176.8800048828125
2024-04-10,166.583740234375,418.59521484375,171.75999450683594
2024-04-11,173.79196166992188,423.2137145996094,174.60000610351562
2024-04-12,175.29122924804688,417.25018310546875,171.0500030517578
2024-04-15,171.45872497558594,409.0812683105469,161.47999572753906
2024-04-16,168.1723175048828,410.01080322265625,157.11000061035156
2024-04-17,166.8021697998047,407.3009948730469,155.4499969482422
2024-04-18,165.84901428222656,399.814453125,149.92999267578125
2024-04-19,163.82357788085938,394.7212219238281,147.0500030517578
2024-04-22,164.6575469970703,396.54095458984375,142.0500030517578
2024-04-23,165.7100067138672,403.0780944824219,144.67999267578125
2024-04-24,167.8148956298828,404.5516357421875,162.1300048828125
2024-04-25,168.67869567871094,394.64215087890625,170.17999267578125
2024-04-26,168.0928955078125,401.84185791015625,168.2899932861328
2024-04-29,172.262939453125,397.8167419433594,194.0500030517578
2024-04-30,169.1155548095703,385.0390930175781,183.27999877929688
2024-05-01,168.0928955078125,390.58734130859375,179.99000549316406
2024-05-02,171.7963104248047,393.455322265625,180.00999450683594
2024-05-03,182.072509765625,402.1781005859375,181.19000244140625
2024-05-06,180.41441345214844,408.9822692871094,184.75999450683594
2024-05-07,181.09950256347656,404.8285827636719,177.80999755859375
2024-05-08,181.43707275390625,406.0153503417969,174.72000122070312
2024-05-09,183.25404357910156,407.7757568359375,171.97000122070312
2024-05-10,181.99136352539062,410.1690673828125,168.47000122070312
2024-05-13,185.20269775390625,409.1603088378906,171.88999938964844
2024-05-14,186.34603881835938,411.9690246582031,177.5500030517578
2024-05-15,188.622802734375,419.171875,173.99000549316406
2024-05-16,188.7421112060547,417.1011657714844,174.83999633789062
2024-05-17,188.7719268798828,416.3283386230469,177.4600067138672
2024-05-20,189.93515014648438,421.4110107421875,174.9499969482422
2024-05-21,191.2375946044922,425.0767822265625,186.60000610351562
2024-05-22,189.79595947265625,426.54315185546875,180.11000061035156
2024-05-23,185.7992401123047,423.0556335449219,173.74000549316406
2024-05-24,188.88128662109375,426.18646240234375,179.24000549316406
2024-05-28,188.89125061035156,426.34503173828125,176.75
2024-05-29,189.1894989013672,425.2055969238281,176.19000244140625
2024-05-30,190.18370056152344,410.8395690917969,178.7899932861328
2024-05-31,191.13815307617188,411.2952880859375,178.0800018310547
2024-06-03,192.90786743164062,409.7001647949219,176.2899932861328
2024-06-04,193.2260284423828,412.22662353515625,174.77000427246094
2024-06-05,194.7372283935547,420.09326171875,175.0
2024-06-06,193.35528564453125,420.5985412597656,177.94000244140625
2024-06-07,195.75132751464844,419.9347839355469,177.47999572753906
2024-06-10,192.00314331054688,423.9176025390625,173.7899932861328
2024-06-11,205.9519805908203,428.68316650390625,170.66000366210938
2024-06-12,211.8377685546875,436.9857482910156,177.2899932861328
2024-06-13,213.0009765625,437.5010070800781,182.47000122070312
2024-06-14,211.2611083984375,438.4818420410156,178.00999450683594
2024-06-17,215.4169464111328,444.2282409667969,187.44000244140625
2024-06-18,213.0507049560547,442.2170104980469,184.86000061035156
2024-06-20,208.46734619140625,441.5829162597656,181.57000732421875
2024-06-21,206.29005432128906,445.625244140625,183.00999450683594
2024-06-24,206.936279296875,443.53472900390625,182.5800018310547
2024-06-25,207.86090087890625,446.784423828125,187.35000610351562
2024-06-26,212.01670837402344,447.9832458496094,196.3699951171875
2024-06-27,212.86180114746094,448.6669006347656,197.4199981689453
2024-06-28,209.40191650390625,442.8213806152344,197.8800048828125
2024-07-01,215.49649047851562,452.5110168457031,209.86000061035156
2024-07-02,218.99610900878906,455.0374450683594,231.25999450683594
2024-07-03,220.26870727539062,456.513671875,246.38999938964844
2024-07-05,225.03102111816406,463.240966796875,251.52000427246094
2024-07-08,226.50247192382812,461.93316650390625,252.94000244140625
2024-07-09,227.35748291015625,455.2950744628906,262.3299865722656
2024-07-10,231.6326141357422,461.9430847167969,263.260009765625
2024-07-11,226.25390625,450.4997863769531,241.02999877929688
2024-07-12,229.2067108154297,449.3603515625,248.22999572753906
2024-07-15,233.04440307617188,449.7666320800781,252.63999938964844
2024-07-16,233.4619903564453,445.36761474609375,256.55999755859375
2024-07-17,227.55633544921875,439.42303466796875,248.5
2024-07-18,222.8834991455078,436.3021240234375,249.22999572753906
2024-07-19,223.01275634765625,433.072265625,239.1999969482422
2024-07-22,222.664794921875,438.84844970703125,251.50999450683594
2024-07-23,223.7086944580078,440.74078369140625,246.3800048828125
2024-07-24,217.276123046875,424.9381408691406,215.99000549316406
2024-07-25,216.23219299316406,414.5350646972656,220.25
2024-07-26,216.69949340820312,421.34161376953125,219.8000030517578
2024-07-29,216.9778594970703,422.78814697265625,232.10000610351562
2024-07-30,217.5346221923828,419.0133361816406,222.6199951171875
2024-07-31,220.795654296875,414.4855651855469,232.07000732421875
2024-08-01,217.09716796875,413.2569580078125,216.86000061035156
2024-08-02,218.58848571777344,404.7166442871094,207.6699981689453
2024-08-05,208.05975341796875,391.4998474121094,198.8800048828125
2024-08-06,206.03152465820312,395.9186706542969,200.63999938964844
2024-08-07,208.6065673828125,394.74951171875,191.75999450683594
2024-08-08,212.07638549804688,398.9701843261719,198.83999633789062
2024-08-09,214.9894256591797,402.2694091796875,200.0
2024-08-12,216.5222930908203,403.0521545410156,197.49000549316406
2024-08-13,220.24496459960938,410.1856384277344,207.8300018310547
2024-08-14,220.69290161132812,413.00933837890625,201.3800048828125
2024-08-15,223.6790008544922,417.8926696777344,214.13999938964844
2024-08-16,225.00283813476562,415.3517150878906,216.1199951171875
2024-08-19,224.8435821533203,418.388916015625,222.72000122070312
2024-08-20,225.46067810058594,421.6345520019531,221.10000610351562
2024-08-21,225.3511962890625,420.9794921875,223.27000427246094
2024-08-22,223.4898681640625,412.4534912109375,210.66000366210938
2024-08-23,225.78916931152344,413.6842346191406,220.32000732421875
2024-08-26,226.12757873535156,410.4088439941406,213.2100067138672
2024-08-27,226.97364807128906,410.7562255859375,209.2100067138672
2024-08-28,225.4407958984375,407.5404052734375,205.75
2024-08-29,228.72549438476562,410.0416259765625,206.27999877929688
2024-08-30,227.9391632080078,414.0316467285156,214.11000061035156
2024-09-03,221.73805236816406,406.3890380859375,210.60000610351562
2024-09-04,219.82691955566406,405.8530578613281,219.41000366210938
2024-09-05,221.34983825683594,405.3468322753906,230.1699981689453
2024-09-06,219.7970733642578,398.7066955566406,210.72999572753906
2024-09-09,219.8866424560547,402.69671630859375,216.27000427246094
2024-09-10,219.09034729003906,411.1135559082031,226.1699981689453
2024-09-11,221.62852478027344,419.8876953125,228.1300048828125
2024-09-12,221.73805236816406,423.81817626953125,229.80999755859375
2024-09-13,221.4692840576172,427.38140869140625,230.2899932861328
2024-09-16,215.3179168701172,428.1258544921875,226.77999877929688
2024-09-17,215.7857208251953,431.9074401855469,227.8699951171875
2024-09-18,219.66766357421875,427.59979248046875,227.1999969482422
2024-09-19,227.8097686767578,435.42108154296875,243.9199981689453
2024-09-20,227.1428680419922,432.02655029296875,238.25
2024-09-23,225.42088317871094,430.2796630859375,250.0
2024-09-24,226.3167266845703,425.9720153808594,254.27000427246094
2024-09-25,225.3213348388672,428.89007568359375,257.0199890136719
2024-09-26,226.46603393554688,428.0960388183594,254.22000122070312
2024-09-27,226.73475646972656,424.8305358886719,260.4599914550781
2024-09-30,231.920654296875,427.0935363769531,261.6300048828125
2024-10-01,225.16209411621094,417.55517578125,258.0199890136719
2024-10-02,225.7294464111328,414.021728515625,249.02000427246094
2024-10-03,224.6245880126953,413.4361267089844,240.66000366210938
2024-10-04,225.74935913085938,412.9596862792969,250.0800018310547
2024-10-07,220.66302490234375,406.4883117675781,240.8300018310547
2024-10-08,224.72413635253906,411.6197814941406,244.5
2024-10-09,228.47665405273438,414.3492431640625,241.0500030517578
2024-10-10,227.97897338867188,412.7413330078125,238.77000427246094
2024-10-11,226.4958953857422,413.2177429199219,217.8000030517578
2024-10-14,230.228515625,416.0167541503906,219.16000366210938
2024-10-15,232.76670837402344,415.6197204589844,219.57000732421875
2024-10-16,230.70626831054688,413.01922607421875,221.3300018310547
2024-10-17,231.07456970214844,413.6147766113281,220.88999938964844
2024-10-18,233.91136169433594,415.0440673828125,220.6999969482422
2024-10-21,235.38450622558594,415.659423828125,218.85000610351562
2024-10-22,234.76739501953125,424.32440185546875,217.97000122070312
2024-10-23,229.6909942626953,421.4360656738281,213.64999389648438
2024-10-24,229.50189208984375,421.56512451171875,260.4800109863281
2024-10-25,230.3380126953125,424.9596252441406,269.19000244140625
2024-10-28,232.3187713623047,423.4112243652344,262.510009765625
2024-10-29,232.5875244140625,428.7313232421875,259.5199890136719
2024-10-30,229.03407287597656,429.3069763183594,257.54998779296875
2024-10-31,224.8634796142578,403.3220520019531,249.85000610351562
2024-11-01,221.8773651123047,407.3121032714844,248.97999572753906
2024-11-04,220.98153686523438,405.41632080078125,242.83999633789062
2024-11-05,222.4148712158203,408.3939514160156,251.44000244140625
2024-11-06,221.68824768066406,417.0489501953125,288.5299987792969
2024-11-07,226.42620849609375,422.2598571777344,296.9100036621094
2024-11-08,226.15716552734375,419.3913879394531,321.2200012207031
2024-11-11,223.4368133544922,414.8951721191406,350.0
2024-11-12,223.4368133544922,419.87774658203125,328.489990234375
2024-11-13,224.3236541748047,422.0316162109375,330.239990234375
2024-11-14,227.4127197265625,423.7090148925781,311.17999267578125
2024-11-15,224.2041015625,411.9075927734375,320.7200012207031
2024-11-18,227.2134246826172,412.6619567871094,338.739990234375
2024-11-19,227.47247314453125,414.67681884765625,346.0
2024-11-20,228.18995666503906,412.3939208984375,342.0299987792969
2024-11-21,227.71165466308594,410.61370849609375,339.6400146484375
2024-11-22,229.05685424804688,414.72113037109375,352.55999755859375
2024-11-25,232.04624938964844,416.5013732910156,338.5899963378906
2024-11-26,234.228515625,425.6510925292969,338.2300109863281
2024-11-27,234.0989532470703,420.6784362792969,332.8900146484375
2024-11-29,236.49049377441406,421.1458435058594,345.1600036621094
2024-12-02,238.7424774169922,428.6247863769531,357.0899963378906
2024-12-03,241.79165649414062,428.84356689453125,351.4200134277344
2024-12-04,242.150390625,435.0295715332031,357.92999267578125
2024-12-05,242.18028259277344,440.2011413574219,369.489990234375
2024-12-06,241.98098754882812,441.1459655761719,389.2200012207031
2024-12-09,245.8771514892578,443.5825500488281,389.7900085449219
2024-12-10,246.89353942871094,440.9072570800781,400.989990234375
2024-12-11,245.6180877685547,446.5363464355469,424.7699890136719
2024-12-12,247.08287048339844,447.10321044921875,418.1000061035156
2024-12-13,247.25228881835938,444.8257141113281,436.2300109863281
2024-12-16,250.15196228027344,449.1221008300781,463.0199890136719
2024-12-17,252.58334350585938,451.9764099121094,479.8599853515625
2024-12-18,247.1725616455078,434.999755859375,440.1300048828125
2024-12-19,248.90638732910156,434.6416931152344,436.1700134277344
2024-12-20,253.5897674560547,434.2140808105469,421.05999755859375
2024-12-23,254.36700439453125,432.8714294433594,430.6000061035156
2024-12-24,257.28668212890625,436.9291076660156,462.2799987792969
2024-12-26,258.1037292480469,435.7157897949219,454.1300048828125
2024-12-27,254.6858673095703,428.1772155761719,431.6600036621094
2024-12-30,251.30787658691406,422.50836181640625,417.4100036621094
2024-12-31,249.5341796875,419.1965637207031,403.8399963378906
2025-01-02,242.9874267578125,416.2925109863281,379.2799987792969
2025-01-03,242.49916076660156,421.03643798828125,410.44000244140625
2025-01-06,244.1333465576172,425.5118713378906,411.04998779296875
2025-01-07,241.35321044921875,420.0617980957031,394.3599853515625
2025-01-08,241.8414764404297,422.23980712890625,394.94000244140625
2025-01-10,236.01219177246094,416.6604919433594,394.739990234375
2025-01-13,233.5708465576172,414.9101257324219,403.30999755859375
2025-01-14,232.45480346679688,413.3984375,396.3599853515625
2025-01-15,237.028564453125,423.9802551269531,428.2200012207031
2025-01-16,227.4525604248047,422.25970458984375,413.82000732421875
2025-01-17,229.16647338867188,426.6853942871094,426.5
2025-01-21,221.85243225097656,426.1583251953125,424.07000732421875
2025-01-22,223.03823852539062,443.7615966796875,415.1099853515625
2025-01-23,222.86883544921875,444.2687683105469,412.3800048828125
2025-01-24,221.991943359375,441.63330078125,406.5799865722656
2025-01-27,229.04690551757812,432.1851806640625,397.1499938964844
2025-01-28,237.4171905517578,444.7561340332031,398.0899963378906
2025-01-29,238.51329040527344,439.9126892089844,389.1000061035156
2025-01-30,236.7495574951172,412.7221374511719,400.2799987792969
2025-01-31,235.16519165039062,412.791748046875,404.6000061035156
2025-02-03,227.2034454345703,408.6744384765625,383.67999267578125
2025-02-04,231.9765167236328,410.116455078125,392.2099914550781
2025-02-05,231.6476593017578,411.03143310546875,378.1700134277344
2025-02-06,232.39501953125,413.5475769042969,374.32000732421875
2025-02-07,226.82479858398438,407.5107727050781,361.6199951171875
2025-02-10,227.0941162109375,409.96728515625,350.7300109863281
2025-02-11,232.05198669433594,409.1915588378906,328.5
2025-02-12,236.29161071777344,406.80462646484375,336.510009765625
2025-02-13,240.9402313232422,408.29644775390625,355.94000244140625
2025-02-14,244.00274658203125,406.1979675292969,355.8399963378906
2025-02-18,243.87306213378906,407.4013671875,354.1099853515625
2025-02-19,244.27207946777344,412.5033264160156,360.55999755859375
2025-02-20,245.22975158691406,414.6857604980469,354.3999938964844
2025-02-21,244.95042419433594,406.793212890625,337.79998779296875
2025-02-24,246.49664306640625,402.59783935546875,330.5299987792969
2025-02-25,246.43678283691406,396.51898193359375,302.79998779296875
2025-02-26,239.77310180664062,398.3426513671875,290.79998779296875
2025-02-27,236.72056579589844,391.16766357421875,281.95001220703125
2025-02-28,241.24948120117188,395.6121520996094,292.9800109863281
2025-03-03,237.4487762451172,387.14166259765625,284.6499938964844
2025-03-04,235.35391235351562,387.26123046875,272.0400085449219
2025-03-05,235.1643829345703,399.628173828125,279.1000061035156
2025-03-06,234.75538635253906,395.5125427246094,263.45001220703125
2025-03-07,238.4862518310547,391.9449462890625,262.6700134277344
2025-03-10,226.92454528808594,378.8406066894531,222.14999389648438
2025-03-11,220.30075073242188,379.12957763671875,230.5800018310547
2025-03-12,216.45018005371094,381.9397888183594,248.08999633789062
2025-03-13,209.16799926757812,377.45538330078125,240.67999267578125
2025-03-14,212.9687042236328,387.21142578125,249.97999572753906
2025-03-17,213.4774627685547,387.3509521484375,238.00999450683594
2025-03-18,212.17066955566406,382.18890380859375,225.30999755859375
2025-03-19,214.7144317626953,386.4740295410156,235.86000061035156
2025-03-20,213.5772247314453,385.49737548828125,236.25999450683594
2025-03-21,217.73704528808594,389.9020690917969,248.7100067138672
2025-03-24,220.19102478027344,391.7157287597656,278.3900146484375
2025-03-25,223.2036590576172,393.7885437011719,288.1400146484375
2025-03-26,220.98907470703125,388.6165466308594,272.05999755859375
2025-03-27,223.3034210205078,389.2243957519531,273.1300048828125
2025-03-28,217.36793518066406,377.48529052734375,263.54998779296875
2025-03-31,221.58761596679688,374.087158203125,259.1600036621094
2025-04-01,222.64503479003906,380.8635559082031,268.4599914550781
2025-04-02,223.34332275390625,380.813720703125,282.760009765625
2025-04-03,202.69384765625,371.8150329589844,267.2799987792969
2025-04-04,187.92002868652344,358.59112548828125,239.42999267578125
2025-04-07,181.0169219970703,356.61798095703125,233.2899932861328
2025-04-08,171.9989776611328,353.3294372558594,221.86000061035156
2025-04-09,198.3644561767578,389.13470458984375,272.20001220703125
2025-04-10,189.9550323486328,380.0264587402344,252.39999389648438
2025-04-11,197.66615295410156,387.1018371582031,252.30999755859375
2025-04-14,202.02549743652344,386.4640197753906,252.35000610351562
2025-04-15,201.6464080810547,384.3912658691406,254.11000061035156
2025-04-16,193.79563903808594,370.32025146484375,241.5500030517578
2025-04-17,196.4990234375,366.5035400390625,241.3699951171875
2025-04-21,192.6883544921875,357.87359619140625,227.5
2025-04-22,199.25228881835938,365.5469055175781,237.97000122070312
2025-04-23,204.1004180908203,373.0906066894531,250.74000549316406
2025-04-24,207.8612060546875,385.9557800292969,259.510009765625
2025-04-25,208.76898193359375,390.4900207519531,284.95001220703125
2025-04-28,209.62689208984375,389.8023986816406,285.8800048828125
2025-04-29,210.6942901611328,392.67242431640625,292.0299987792969
2025-04-30,211.9811248779297,393.88818359375,282.1600036621094
2025-05-01,212.79913330078125,423.9235534667969,280.5199890136719
2025-05-02,204.8485870361328,433.769287109375,287.2099914550781
2025-05-05,198.40435791015625,434.65618896484375,280.260009765625
2025-05-06,198.02528381347656,431.8061218261719,275.3500061035156
2025-05-07,195.7707977294922,431.8459777832031,276.2200012207031
2025-05-08,197.00778198242188,436.6492614746094,284.82000732421875
2025-05-09,198.0452423095703,437.20733642578125,298.260009765625
2025-05-12,210.55104064941406,447.70074462890625,318.3800048828125
2025-05-13,212.68861389160156,447.5812072753906,334.07000732421875
2025-05-14,212.08929443359375,451.36798095703125,347.67999267578125
2025-05-15,211.21029663085938,452.3863220214844,342.82000732421875
2025-05-16,211.0205078125,453.5244445800781,349.9800109863281
2025-05-19,208.54331970214844,458.11688232421875,342.0899963378906
2025-05-20,206.62550354003906,457.4180603027344,343.82000732421875
2025-05-21,201.86090087890625,451.8272399902344,334.6199951171875
2025-05-22,201.13172912597656,454.11346435546875,341.0400085449219
2025-05-23,195.04864501953125,449.441162109375,339.3399963378906
2025-05-27,199.98304748535156,459.93389892578125,362.8900146484375
2025-05-28,200.1927947998047,456.609375,356.8999938964844
2025-05-29,199.72332763671875,457.9272155761719,358.42999267578125
2025-05-30,200.622314453125,459.60443115234375,346.4599914550781
2025-06-02,201.47134399414062,461.2118225097656,342.69000244140625
2025-06-03,203.03956604003906,462.2101745605469,344.2699890136719
2025-06-04,202.590087890625,463.1086730957031,332.04998779296875
2025-06-05,200.40257263183594,466.91241455078125,284.70001220703125
2025-06-06,203.68882751464844,469.6080017089844,295.1400146484375
2025-06-09,201.2216339111328,471.97412109375,308.5799865722656
2025-06-10,202.44024658203125,470.1471252441406,326.0899963378906
2025-06-11,198.55465698242188,471.8443298339844,326.42999267578125
2025-06-12,198.97418212890625,478.0840759277344,319.1099853515625
2025-06-13,196.227294921875,474.18048095703125,325.30999755859375
2025-06-16,198.195068359375,478.3536376953125,329.1300048828125
2025-06-17,195.418212890625,477.25543212890625,316.3500061035156
2025-06-18,196.35714721679688,479.4518127441406,322.04998779296875
2025-06-20,200.7721405029297,476.6164855957031,322.1600036621094
2025-06-23,201.27157592773438,485.2023620605469,348.67999267578125
2025-06-24,200.07293701171875,489.30560302734375,340.4700012207031
2025-06-25,201.33151245117188,491.4620666503906,327.54998779296875
2025-06-26,200.7721405029297,496.6335754394531,325.7799987792969
2025-06-27,200.85205078125,495.1260681152344,323.6300048828125
2025-06-30,204.93740844726562,496.5936584472656,317.6600036621094
2025-07-01,207.58441162109375,491.242431640625,300.7099914550781
2025-07-02,212.1991729736328,490.2840270996094,315.6499938964844
2025-07-03,213.30792236328125,498.02130126953125,315.3500061035156
2025-07-07,209.7119903564453,496.90313720703125,293.94000244140625
2025-07-08,209.7719268798828,495.804931640625,297.80999755859375
2025-07-09,210.90065002441406,502.68365478515625,295.8800048828125
2025-07-10,212.16920471191406,500.656982421875,309.8699951171875
2025-07-11,210.92062377929688,502.49395751953125,313.510009765625
2025-07-14,208.3834991455078,502.1944274902344,316.8999938964844
2025-07-15,208.87295532226562,504.9898376464844,310.7799987792969
2025-07-16,209.92176818847656,504.7901611328125,321.6700134277344
2025-07-17,209.78192138671875,510.8601989746094,319.4100036621094
2025-07-18,210.9405975341797,509.212890625,329.6499938964844
2025-07-21,212.23912048339844,509.2228698730469,328.489990234375
2025-07-22,214.15695190429688,504.44073486328125,332.1099853515625
2025-07-23,213.9072265625,505.0397644042969,332.55999755859375
2025-07-24,213.51766967773438,510.0415344238281,305.29998779296875
2025-07-25,213.63754272460938,512.866943359375,316.05999755859375
2025-07-28,213.80735778808594,511.65887451171875,325.5899963378906
2025-07-29,211.03050231933594,511.728759765625,321.20001220703125
2025-07-30,208.81301879882812,512.3976440429688,319.0400085449219
2025-07-31,207.33470153808594,532.6243896484375,308.2699890136719
2025-08-01,202.1505889892578,523.2498168945312,302.6300048828125
2025-08-04,203.11949157714844,534.7609252929688,309.260009765625
2025-08-05,202.68995666503906,526.8838500976562,308.7200012207031
2025-08-06,213.0082550048828,524.0784912109375,319.9100036621094
2025-08-07,219.7805633544922,519.9852294921875,322.2699890136719
2025-08-08,229.0900115966797,521.1832275390625,329.6499938964844
2025-08-11,227.17999267578125,520.9136962890625,339.0299987792969
2025-08-12,229.64999389648438,528.3713989257812,340.8399963378906
2025-08-13,233.3300018310547,519.7256469726562,339.3800048828125
2025-08-14,232.77999877929688,521.6224975585938,335.5799865722656
2025-08-15,231.58999633789062,519.3162841796875,330.55999755859375
2025-08-18,230.88999938964844,516.2512817382812,335.1600036621094
2025-08-19,230.55999755859375,508.933349609375,329.30999755859375
2025-08-20,226.00999450683594,504.8900146484375,323.8999938964844
2025-08-21,224.89999389648438,504.239990234375,320.1099853515625
2025-08-22,227.75999450683594,507.2300109863281,340.010009765625
2025-08-25,227.16000366210938,504.260009765625,346.6000061035156
2025-08-26,229.30999755859375,502.0400085449219,351.6700134277344
2025-08-27,230.49000549316406,506.739990234375,349.6000061035156
2025-08-28,232.55999755859375,509.6400146484375,345.9800109863281
2025-08-29,232.13999938964844,506.69000244140625,333.8699951171875
2025-09-02,229.72000122070312,505.1199951171875,329.3599853515625
2025-09-03,238.47000122070312,505.3500061035156,334.0899963378906
2025-09-04,239.77999877929688,507.9700012207031,338.5299987792969
2025-09-05,239.69000244140625,495.0,350.8399963378906
2025-09-08,237.8800048828125,498.20001220703125,346.3999938964844
2025-09-09,234.35000610351562,498.4100036621094,346.9700012207031
2025-09-10,226.7899932861328,500.3699951171875,347.7900085449219
2025-09-11,230.02999877929688,501.010009765625,368.80999755859375
2025-09-12,234.07000732421875,509.8999938964844,395.94000244140625
2025-09-15,236.6999969482422,515.3599853515625,410.0400085449219
2025-09-16,238.14999389648438,509.0400085449219,421.6199951171875
2025-09-17,238.99000549316406,510.0199890136719,425.8599853515625
2025-09-18,237.8800048828125,508.45001220703125,416.8500061035156
